customer_id,churn_probability,clv,expected_value,segment,risk_level,recommended_action,retention_cost,group,actual_churned,intervention_success,retained,final_churned,cost,value_saved,net_value
0013-EXCHZ,0.8996332429998527,432.0,105.45662439037456,,high,monitor,50.0,treatment,1,0.0,False,1,50,0,-50
0115-TFERT,0.8925532129410708,432.0,104.23319519621704,,high,monitor,50.0,treatment,1,0.0,False,1,50,0,-50
0115-TFERT,0.8977727167488538,432.0,105.13512545420195,,high,monitor,50.0,treatment,1,1.0,True,0,50,432,382
0115-TFERT,0.8982307370383804,432.0,105.21427136023216,,high,monitor,50.0,treatment,1,0.0,False,1,50,0,-50
0147-ESWWR,0.897437543930259,432.0,105.07720759114876,,high,monitor,50.0,treatment,1,0.0,False,1,50,0,-50
0147-ESWWR,0.8970523923037034,432.0,105.01065339007994,,high,monitor,50.0,treatment,1,1.0,True,0,50,432,382
0147-ESWWR,0.8993416845137363,432.0,105.40624308397366,,high,monitor,50.0,treatment,1,0.0,False,1,50,0,-50
0147-ESWWR,0.8959224244060165,432.0,104.81539493735966,,high,monitor,50.0,treatment,0,1.0,False,0,50,0,-50
0168-XZKBB,0.8976453081480166,432.0,105.11310924797726,,high,monitor,50.0,treatment,1,0.0,False,1,50,0,-50
0168-XZKBB,0.8958459542513649,432.0,104.80218089463584,,high,monitor,50.0,treatment,0,0.0,False,0,50,0,-50
0196-JTUQI,0.8965686308819804,432.0,104.92705941640622,,high,monitor,50.0,treatment,1,0.0,False,1,50,0,-50
0196-JTUQI,0.8974053493848291,432.0,105.07164437369848,,high,monitor,50.0,treatment,1,0.0,False,1,50,0,-50
0219-YTZUE,0.896051850045129,432.0,104.8377596877983,,high,monitor,50.0,treatment,0,1.0,False,0,50,0,-50
0225-ZORZP,0.8969714810584815,432.0,104.9966719269056,,high,monitor,50.0,treatment,0,0.0,False,0,50,0,-50
0256-LTHVJ,0.8915731978799317,432.0,104.0638485936522,,high,monitor,50.0,treatment,0,0.0,False,0,50,0,-50
0256-LTHVJ,0.8983243732444527,432.0,105.23045169664144,,high,monitor,50.0,treatment,1,0.0,False,1,50,0,-50
0257-ZESQC,0.8995332303927238,432.0,105.43934221186272,,high,monitor,50.0,treatment,1,0.0,False,1,50,0,-50
0257-ZESQC,0.8989231596488627,432.0,105.33392198732348,,high,monitor,50.0,treatment,1,1.0,True,0,50,432,382
0257-ZESQC,0.8917868540762147,432.0,104.1007683843699,,high,monitor,50.0,treatment,1,0.0,False,1,50,0,-50
0311-UNPFF,0.8917993820408521,432.0,104.10293321665928,,high,monitor,50.0,treatment,1,1.0,True,0,50,432,382
0311-UNPFF,0.8980669682384871,432.0,105.18597211161055,,high,monitor,50.0,treatment,1,1.0,True,0,50,432,382
0311-UNPFF,0.8972028152775113,432.0,105.036646479954,,high,monitor,50.0,treatment,1,0.0,False,1,50,0,-50
0311-UNPFF,0.8926378674912306,432.0,104.24782350248466,,high,monitor,50.0,treatment,1,1.0,True,0,50,432,382
0311-UNPFF,0.8970643970308793,432.0,105.01272780693594,,high,monitor,50.0,treatment,1,0.0,False,1,50,0,-50
0311-UNPFF,0.8951729986911405,432.0,104.6858941738291,,high,monitor,50.0,treatment,1,0.0,False,1,50,0,-50
0315-LVCRK,0.8922280378436458,432.0,104.17700493938202,,high,monitor,50.0,treatment,1,0.0,False,1,50,0,-50
0320-JDNQG,0.89179715221818,432.0,104.10254790330151,,high,monitor,50.0,treatment,1,1.0,True,0,50,432,382
0354-WYROK,0.8969033963631436,432.0,104.98490689155122,,high,monitor,50.0,treatment,1,1.0,True,0,50,432,382
0396-YCHWO,0.8978414069132259,432.0,105.14699511460546,,high,monitor,50.0,treatment,1,0.0,False,1,50,0,-50
0396-YCHWO,0.8974087300066397,432.0,105.07222854514735,,high,monitor,50.0,treatment,1,1.0,True,0,50,432,382
0396-YCHWO,0.899972919562197,432.0,105.51532050034768,,high,monitor,50.0,treatment,1,0.0,False,1,50,0,-50
0396-YCHWO,0.8934214129324465,432.0,104.38322015472676,,high,monitor,50.0,treatment,1,0.0,False,1,50,0,-50
0396-YCHWO,0.8999072300182586,432.0,105.5039693471551,,high,monitor,50.0,treatment,1,0.0,False,1,50,0,-50
0396-YCHWO,0.8989781577350457,432.0,105.34342565661592,,high,monitor,50.0,treatment,0,1.0,False,0,50,0,-50
0396-YCHWO,0.8957331652225126,432.0,104.78269095045016,,high,monitor,50.0,treatment,1,1.0,True,0,50,432,382
0396-YCHWO,0.8952195794556658,432.0,104.69394332993906,,high,monitor,50.0,treatment,1,0.0,False,1,50,0,-50
0396-YCHWO,0.8992908850217533,432.0,105.39746493175898,,high,monitor,50.0,treatment,1,0.0,False,1,50,0,-50
0396-YCHWO,0.894174757516209,432.0,104.51339809880092,,high,monitor,50.0,treatment,1,0.0,False,1,50,0,-50
0428-IKYCP,0.8960993041752731,432.0,104.8459597614872,,high,monitor,50.0,treatment,1,0.0,False,1,50,0,-50
0428-IKYCP,0.8918725113355227,432.0,104.11556995877834,,high,monitor,50.0,treatment,1,0.0,False,1,50,0,-50
0439-IFYUN,0.8961529739217198,432.0,104.8552338936732,,high,monitor,50.0,treatment,1,1.0,True,0,50,432,382
0439-IFYUN,0.8951534379347248,432.0,104.68251407512044,,high,monitor,50.0,treatment,1,0.0,False,1,50,0,-50
0439-IFYUN,0.8965416798909601,432.0,104.92240228515792,,high,monitor,50.0,treatment,0,0.0,False,0,50,0,-50
0447-RXSGD,0.8997736303070383,432.0,105.48088331705624,,high,monitor,50.0,treatment,1,0.0,False,1,50,0,-50
0463-ZSDNT,0.8936231475084093,432.0,104.41807988945314,,high,monitor,50.0,treatment,1,1.0,True,0,50,432,382
0463-ZSDNT,0.8950495456865946,432.0,104.66456149464356,,high,monitor,50.0,treatment,0,1.0,False,0,50,0,-50
0463-ZSDNT,0.8916728662272975,432.0,104.081071284077,,high,monitor,50.0,treatment,1,0.0,False,1,50,0,-50
0601-WZHJF,0.8976041162878724,432.0,105.10599129454437,,high,monitor,50.0,treatment,1,1.0,True,0,50,432,382
0620-DLSLK,0.8949208252720564,432.0,104.64231860701136,,high,monitor,50.0,treatment,0,0.0,False,0,50,0,-50
0749-IRGQE,0.898144368907095,432.0,105.19934694714604,,high,monitor,50.0,treatment,1,0.0,False,1,50,0,-50
0793-TWELN,0.895616074848057,432.0,104.76245773374428,,high,monitor,50.0,treatment,1,0.0,False,1,50,0,-50
0818-OCPZO,0.899637910589282,432.0,105.45743094982794,,high,monitor,50.0,treatment,1,0.0,False,1,50,0,-50
0818-OCPZO,0.8937956419117851,432.0,104.44788692235647,,high,monitor,50.0,treatment,1,0.0,False,1,50,0,-50
0818-OCPZO,0.8967130643412848,432.0,104.95201751817402,,high,monitor,50.0,treatment,1,1.0,True,0,50,432,382
0876-WDUUZ,0.8988748668931845,432.0,105.3255769991423,,high,monitor,50.0,treatment,1,1.0,True,0,50,432,382
0899-LIIBW,0.8954333223591643,432.0,104.7308781036636,,high,monitor,50.0,treatment,1,1.0,True,0,50,432,382
0899-LIIBW,0.8919084636462647,432.0,104.12178251807455,,high,monitor,50.0,treatment,1,0.0,False,1,50,0,-50
0899-LIIBW,0.8950420252075432,432.0,104.66326195586348,,high,monitor,50.0,treatment,1,0.0,False,1,50,0,-50
0899-LIIBW,0.8945230471535447,432.0,104.57358254813256,,high,monitor,50.0,treatment,1,1.0,True,0,50,432,382
0899-LIIBW,0.8925793700139082,432.0,104.23771513840336,,high,monitor,50.0,treatment,1,0.0,False,1,50,0,-50
0921-OHLVP,0.8979063205853255,432.0,105.15821219714424,,high,monitor,50.0,treatment,1,0.0,False,1,50,0,-50
0947-MUGVO,0.8945888057713204,432.0,104.58494563728416,,high,monitor,50.0,treatment,1,0.0,False,1,50,0,-50
0952-KMEEH,0.8959626343872464,432.0,104.8223432221162,,high,monitor,50.0,treatment,1,1.0,True,0,50,432,382
0952-KMEEH,0.8938717341090751,432.0,104.46103565404816,,high,monitor,50.0,treatment,1,0.0,False,1,50,0,-50
0952-KMEEH,0.8923236033225928,432.0,104.19351865414404,,high,monitor,50.0,treatment,1,0.0,False,1,50,0,-50
0952-KMEEH,0.8995630509664008,432.0,105.44449520699403,,high,monitor,50.0,treatment,1,1.0,True,0,50,432,382
0963-ZBDRN,0.8924782801668537,432.0,104.22024681283231,,high,monitor,50.0,treatment,1,0.0,False,1,50,0,-50
0963-ZBDRN,0.8917203969138359,432.0,104.08928458671085,,high,monitor,50.0,treatment,1,0.0,False,1,50,0,-50
0963-ZBDRN,0.8942046694491256,432.0,104.51856688080892,,high,monitor,50.0,treatment,1,0.0,False,1,50,0,-50
0988-JRWWP,0.8979587327756454,432.0,105.16726902363156,,high,monitor,50.0,treatment,1,0.0,False,1,50,0,-50
0988-JRWWP,0.8982455478156569,432.0,105.21683066254552,,high,monitor,50.0,treatment,1,1.0,True,0,50,432,382
1104-TNLZA,0.8977584344149842,432.0,105.13265746690928,,high,monitor,50.0,treatment,1,0.0,False,1,50,0,-50
1184-PJVDB,0.8999442507233975,432.0,105.51036652500308,,high,monitor,50.0,treatment,1,0.0,False,1,50,0,-50
1261-FWTTE,0.895632984631182,432.0,104.76537974426827,,high,monitor,50.0,treatment,1,1.0,True,0,50,432,382
1261-FWTTE,0.8974471658671633,432.0,105.07887026184584,,high,monitor,50.0,treatment,1,1.0,True,0,50,432,382
1261-FWTTE,0.8935838104517144,432.0,104.41128244605623,,high,monitor,50.0,treatment,1,1.0,True,0,50,432,382
1304-BCCFO,0.8953514526798224,432.0,104.71673102307332,,high,monitor,50.0,treatment,1,0.0,False,1,50,0,-50
1304-BCCFO,0.8995549509429672,432.0,105.44309552294476,,high,monitor,50.0,treatment,1,0.0,False,1,50,0,-50
1399-UBQIU,0.8943574872449014,432.0,104.54497379591896,,high,monitor,50.0,treatment,1,1.0,True,0,50,432,382
1399-UBQIU,0.8932571249054402,432.0,104.35483118366004,,high,monitor,50.0,treatment,1,1.0,True,0,50,432,382
1436-ZMJAN,0.8943930644295427,432.0,104.55112153342498,,high,monitor,50.0,treatment,1,0.0,False,1,50,0,-50
1436-ZMJAN,0.8932961936038568,432.0,104.36158225474648,,high,monitor,50.0,treatment,1,0.0,False,1,50,0,-50
1436-ZMJAN,0.8942276347607819,432.0,104.52253528666311,,high,monitor,50.0,treatment,1,0.0,False,1,50,0,-50
1482-OXZSY,0.8929186652839985,432.0,104.29634536107494,,high,monitor,50.0,treatment,1,1.0,True,0,50,432,382
1482-OXZSY,0.8954182982201023,432.0,104.72828193243367,,high,monitor,50.0,treatment,1,0.0,False,1,50,0,-50
1482-OXZSY,0.8949251539735203,432.0,104.64306660662432,,high,monitor,50.0,treatment,1,0.0,False,1,50,0,-50
1565-RHDJD,0.895811843460384,432.0,104.79628654995436,,high,monitor,50.0,treatment,1,0.0,False,1,50,0,-50
1666-JXLKU,0.8942236376003044,432.0,104.52184457733262,,high,monitor,50.0,treatment,1,1.0,True,0,50,432,382
1766-GKNMI,0.8972861579896183,432.0,105.05104810060608,,high,monitor,50.0,treatment,1,1.0,True,0,50,432,382
1766-GKNMI,0.8982022856517344,432.0,105.20935496061972,,high,monitor,50.0,treatment,1,0.0,False,1,50,0,-50
1771-OADNZ,0.898685152403127,432.0,105.29279433526035,,high,monitor,50.0,treatment,0,1.0,False,0,50,0,-50
1866-RZZQS,0.8988895493763797,432.0,105.3281141322384,,high,monitor,50.0,treatment,1,1.0,True,0,50,432,382
1866-RZZQS,0.8916820297459513,432.0,104.0826547401004,,high,monitor,50.0,treatment,1,0.0,False,1,50,0,-50
1891-UAWWU,0.8970025302213581,432.0,105.00203722225068,,high,monitor,50.0,treatment,1,0.0,False,1,50,0,-50
1891-UAWWU,0.8994922648465996,432.0,105.43226336549242,,high,monitor,50.0,treatment,1,0.0,False,1,50,0,-50
1891-UAWWU,0.893677035155531,432.0,104.42739167487576,,high,monitor,50.0,treatment,0,1.0,False,0,50,0,-50
1891-UAWWU,0.8982299370961977,432.0,105.214133130223,,high,monitor,50.0,treatment,1,0.0,False,1,50,0,-50
1932-UEDCX,0.8951271919675754,432.0,104.67797877199703,,high,monitor,50.0,treatment,1,1.0,True,0,50,432,382
1989-PRJHP,0.8945562699394747,432.0,104.57932344554123,,high,monitor,50.0,treatment,1,1.0,True,0,50,432,382
1989-PRJHP,0.8988021036938719,432.0,105.31300351830107,,high,monitor,50.0,treatment,1,0.0,False,1,50,0,-50
2057-ZBLPD,0.8985444923863292,432.0,105.26848828435767,,high,monitor,50.0,treatment,1,1.0,True,0,50,432,382
2057-ZBLPD,0.8959309625066895,432.0,104.81687032115596,,high,monitor,50.0,treatment,1,0.0,False,1,50,0,-50
2080-CAZNM,0.8967830347591641,432.0,104.96410840638356,,high,monitor,50.0,treatment,1,0.0,False,1,50,0,-50
2080-CAZNM,0.8943994784151859,432.0,104.55222987014412,,high,monitor,50.0,treatment,1,1.0,True,0,50,432,382
2085-BOJKI,0.8988451119925198,432.0,105.3204353523074,,high,monitor,50.0,treatment,1,1.0,True,0,50,432,382
2091-RFFBA,0.8921064401092448,432.0,104.15599285087752,,high,monitor,50.0,treatment,1,0.0,False,1,50,0,-50
2189-WWOEW,0.891744824129512,432.0,104.09350560957968,,high,monitor,50.0,treatment,1,1.0,True,0,50,432,382
2227-JRSJX,0.8930248850531609,432.0,104.3147001371862,,high,monitor,50.0,treatment,0,1.0,False,0,50,0,-50
2311-QYMUQ,0.8995674611810207,432.0,105.44525729208038,,high,monitor,50.0,treatment,1,0.0,False,1,50,0,-50
2322-VCZHZ,0.8982604799045362,432.0,105.21941092750389,,high,monitor,50.0,treatment,1,1.0,True,0,50,432,382
2322-VCZHZ,0.8984542390054553,432.0,105.2528925001427,,high,monitor,50.0,treatment,1,0.0,False,1,50,0,-50
2322-VCZHZ,0.8933531547599743,432.0,104.37142514252358,,high,monitor,50.0,treatment,1,0.0,False,1,50,0,-50
2357-COQEK,0.8976073956076474,432.0,105.10655796100149,,high,monitor,50.0,treatment,0,0.0,False,0,50,0,-50
2357-COQEK,0.8961201985721039,432.0,104.84957031325956,,high,monitor,50.0,treatment,1,1.0,True,0,50,432,382
2357-COQEK,0.8958479041318937,432.0,104.80251783399126,,high,monitor,50.0,treatment,1,1.0,True,0,50,432,382
2408-WITXK,0.8969466746965192,432.0,104.99238538755856,,high,monitor,50.0,treatment,1,0.0,False,1,50,0,-50
2506-CLAKW,0.8965040129252196,432.0,104.91589343347798,,high,monitor,50.0,treatment,1,0.0,False,1,50,0,-50
2507-QZPQS,0.8929867391771047,432.0,104.30810852980368,,high,monitor,50.0,treatment,1,1.0,True,0,50,432,382
2507-QZPQS,0.8926965488634353,432.0,104.25796364360164,,high,monitor,50.0,treatment,1,0.0,False,1,50,0,-50
2519-FAKOD,0.8939066078967914,432.0,104.4670618445656,,high,monitor,50.0,treatment,1,1.0,True,0,50,432,382
2519-FAKOD,0.8937888935217279,432.0,104.44672080055456,,high,monitor,50.0,treatment,1,1.0,True,0,50,432,382
2603-HVKCG,0.8980593512150875,432.0,105.18465588996712,,high,monitor,50.0,treatment,1,0.0,False,1,50,0,-50
2603-HVKCG,0.8918463071552982,432.0,104.11104187643554,,high,monitor,50.0,treatment,1,1.0,True,0,50,432,382
2603-HVKCG,0.8950222362371113,432.0,104.65984242177284,,high,monitor,50.0,treatment,1,0.0,False,1,50,0,-50
2674-MIAHT,0.8959949453103706,432.0,104.82792654963204,,high,monitor,50.0,treatment,1,1.0,True,0,50,432,382
2674-MIAHT,0.8920571797556207,432.0,104.14748066177128,,high,monitor,50.0,treatment,1,1.0,True,0,50,432,382
2697-NQBPF,0.8949364780891439,432.0,104.6450234138041,,high,monitor,50.0,treatment,1,1.0,True,0,50,432,382
2737-WFVYW,0.8935317668769409,432.0,104.4022893163354,,high,monitor,50.0,treatment,1,0.0,False,1,50,0,-50
2809-ZMYOQ,0.8986009640620645,432.0,105.27824658992476,,high,monitor,50.0,treatment,1,1.0,True,0,50,432,382
2809-ZMYOQ,0.8941743522304023,432.0,104.51332806541352,,high,monitor,50.0,treatment,1,0.0,False,1,50,0,-50
2831-EBWRN,0.892592746132787,432.0,104.2400265317456,,high,monitor,50.0,treatment,1,0.0,False,1,50,0,-50
2845-HSJCY,0.8934714538717887,432.0,104.39186722904512,,high,monitor,50.0,treatment,1,0.0,False,1,50,0,-50
2985-FMWYF,0.8971301493151982,432.0,105.02408980166626,,high,monitor,50.0,treatment,1,0.0,False,1,50,0,-50
2985-FMWYF,0.8960707745565395,432.0,104.84102984337004,,high,monitor,50.0,treatment,1,0.0,False,1,50,0,-50
2985-FMWYF,0.8978034826929288,432.0,105.14044180933809,,high,monitor,50.0,treatment,1,1.0,True,0,50,432,382
2985-FMWYF,0.8997089021251108,432.0,105.46969828721916,,high,monitor,50.0,treatment,1,1.0,True,0,50,432,382
2985-FMWYF,0.8934551182910366,432.0,104.38904444069112,,high,monitor,50.0,treatment,1,0.0,False,1,50,0,-50
3001-CBHLQ,0.8997966500728191,432.0,105.48486113258316,,high,monitor,50.0,treatment,1,1.0,True,0,50,432,382
3001-CBHLQ,0.8986108708512772,432.0,105.2799584831007,,high,monitor,50.0,treatment,1,0.0,False,1,50,0,-50
3001-CBHLQ,0.8936176952530084,432.0,104.41713773971986,,high,monitor,50.0,treatment,1,1.0,True,0,50,432,382
3003-CMDUU,0.8964987429566338,432.0,104.91498278290636,,high,monitor,50.0,treatment,1,1.0,True,0,50,432,382
3003-CMDUU,0.8915703955310399,432.0,104.0633643477637,,high,monitor,50.0,treatment,1,0.0,False,1,50,0,-50
3096-GKWEB,0.8933029554225937,432.0,104.3627506970242,,high,monitor,50.0,treatment,1,1.0,True,0,50,432,382
3096-JRDSO,0.8950077529447219,432.0,104.65733970884796,,high,monitor,50.0,treatment,1,0.0,False,1,50,0,-50
3106-ULWFW,0.897701120579589,432.0,105.122753636153,,high,monitor,50.0,treatment,1,0.0,False,1,50,0,-50
3211-ILJTT,0.8985938209598773,432.0,105.27701226186682,,high,monitor,50.0,treatment,1,1.0,True,0,50,432,382
3211-ILJTT,0.8951073916714516,432.0,104.67455728082686,,high,monitor,50.0,treatment,1,0.0,False,1,50,0,-50
3223-WZWJM,0.89340601451944,432.0,104.38055930895923,,high,monitor,50.0,treatment,1,0.0,False,1,50,0,-50
3223-WZWJM,0.8932792169838282,432.0,104.35864869480554,,high,monitor,50.0,treatment,0,0.0,False,0,50,0,-50
3269-ATYWD,0.8948238890584108,432.0,104.6255680292934,,high,monitor,50.0,treatment,1,1.0,True,0,50,432,382
3312-UUMZW,0.8951401635630727,432.0,104.68022026369896,,high,monitor,50.0,treatment,1,0.0,False,1,50,0,-50
3312-UUMZW,0.8917691633715051,432.0,104.09771143059608,,high,monitor,50.0,treatment,1,0.0,False,1,50,0,-50
3312-UUMZW,0.893606332607272,432.0,104.4151742745366,,high,monitor,50.0,treatment,1,1.0,True,0,50,432,382
3323-CPBWR,0.8950943555644971,432.0,104.67230464154513,,high,monitor,50.0,treatment,1,1.0,True,0,50,432,382
3346-BRMIS,0.8952862356989343,432.0,104.70546152877586,,high,monitor,50.0,treatment,1,0.0,False,1,50,0,-50
3365-SAIGS,0.8967104159472745,432.0,104.95155987568904,,high,monitor,50.0,treatment,1,0.0,False,1,50,0,-50
3365-SAIGS,0.897240563155477,432.0,105.04316931326642,,high,monitor,50.0,treatment,1,0.0,False,1,50,0,-50
3365-SAIGS,0.8982732689272108,432.0,105.22162087062202,,high,monitor,50.0,treatment,1,0.0,False,1,50,0,-50
3384-CTMSF,0.8940797922651291,432.0,104.49698810341432,,high,monitor,50.0,treatment,1,0.0,False,1,50,0,-50
3398-ZOUAA,0.8945960812519677,432.0,104.58620284034,,high,monitor,50.0,treatment,0,1.0,False,0,50,0,-50
3398-ZOUAA,0.8958881248397522,432.0,104.8094679723092,,high,monitor,50.0,treatment,0,1.0,False,0,50,0,-50
3422-GALYP,0.8924752298558715,432.0,104.2197197190946,,high,monitor,50.0,treatment,1,1.0,True,0,50,432,382
3427-GGZZI,0.8949334101748013,432.0,104.64449327820569,,high,monitor,50.0,treatment,1,0.0,False,1,50,0,-50
3427-GGZZI,0.89813657155961,432.0,105.19799956550062,,high,monitor,50.0,treatment,1,1.0,True,0,50,432,382
3427-GGZZI,0.8979256289208597,432.0,105.16154867752456,,high,monitor,50.0,treatment,1,0.0,False,1,50,0,-50
3427-GGZZI,0.8958007008017513,432.0,104.79436109854264,,high,monitor,50.0,treatment,1,1.0,True,0,50,432,382
3427-GGZZI,0.8937709999600186,432.0,104.44362879309122,,high,monitor,50.0,treatment,1,1.0,True,0,50,432,382
3427-GGZZI,0.8994497950004753,432.0,105.42492457608216,,high,monitor,50.0,treatment,1,0.0,False,1,50,0,-50
3453-RTHJQ,0.8982828471969828,432.0,105.22327599563866,,high,monitor,50.0,treatment,1,1.0,True,0,50,432,382
3500-RMZLT,0.8996070975960251,432.0,105.45210646459316,,high,monitor,50.0,treatment,1,0.0,False,1,50,0,-50
3536-IQCTX,0.8942188971659755,432.0,104.5210254302806,,high,monitor,50.0,treatment,0,1.0,False,0,50,0,-50
3588-WSTTJ,0.8945407802778477,432.0,104.5766468320121,,high,monitor,50.0,treatment,1,0.0,False,1,50,0,-50
3588-WSTTJ,0.8934312808407715,432.0,104.38492532928532,,high,monitor,50.0,treatment,1,0.0,False,1,50,0,-50
3588-WSTTJ,0.8944582878924378,432.0,104.56239214781326,,high,monitor,50.0,treatment,0,1.0,False,0,50,0,-50
3588-WSTTJ,0.8980191153860698,432.0,105.17770313871289,,high,monitor,50.0,treatment,0,0.0,False,0,50,0,-50
3588-WSTTJ,0.894636846394037,432.0,104.5932470568896,,high,monitor,50.0,treatment,1,1.0,True,0,50,432,382
3672-YITQD,0.8945274540798461,432.0,104.57434406499743,,high,monitor,50.0,treatment,1,0.0,False,1,50,0,-50
3753-TSEMP,0.8992807187281399,432.0,105.3957081962226,,high,monitor,50.0,treatment,1,1.0,True,0,50,432,382
3753-TSEMP,0.8984425710556455,432.0,105.25087627841556,,high,monitor,50.0,treatment,1,1.0,True,0,50,432,382
3757-NJYBX,0.8928792569382222,432.0,104.2895355989248,,high,monitor,50.0,treatment,0,0.0,False,0,50,0,-50
3757-NJYBX,0.8977101449650194,432.0,105.1243130499554,,high,monitor,50.0,treatment,1,0.0,False,1,50,0,-50
3757-NJYBX,0.8990561864264014,432.0,105.35690901448216,,high,monitor,50.0,treatment,1,0.0,False,1,50,0,-50
3757-NJYBX,0.8955562271464722,432.0,104.75211605091042,,high,monitor,50.0,treatment,1,0.0,False,1,50,0,-50
3757-NJYBX,0.8990845465106748,432.0,105.36180963704462,,high,monitor,50.0,treatment,1,0.0,False,1,50,0,-50
3771-PZOBW,0.895032928460131,432.0,104.66169003791066,,high,monitor,50.0,treatment,1,1.0,True,0,50,432,382
3771-PZOBW,0.8960270077512364,432.0,104.83346693941368,,high,monitor,50.0,treatment,1,1.0,True,0,50,432,382
3771-PZOBW,0.8924916100831806,432.0,104.2225502223736,,high,monitor,50.0,treatment,1,1.0,True,0,50,432,382
3791-LGQCY,0.8991708688104669,432.0,105.3767261304487,,high,monitor,50.0,treatment,1,1.0,True,0,50,432,382
3799-ISUZQ,0.8924774456925223,432.0,104.22010261566788,,high,monitor,50.0,treatment,1,1.0,True,0,50,432,382
3858-VOBET,0.896470371913481,432.0,104.91008026664952,,high,monitor,50.0,treatment,1,1.0,True,0,50,432,382
3914-FDRHP,0.8959750920242348,432.0,104.82449590178776,,high,monitor,50.0,treatment,1,0.0,False,1,50,0,-50
3923-CSIHK,0.8928292730749976,432.0,104.2808983873596,,high,monitor,50.0,treatment,1,1.0,True,0,50,432,382
3956-MGXOG,0.8915627175343409,432.0,104.0620375899341,,high,monitor,50.0,treatment,1,1.0,True,0,50,432,382
4009-ALQFH,0.8925891923183569,432.0,104.23941243261208,,high,monitor,50.0,treatment,1,0.0,False,1,50,0,-50
4039-HEUNW,0.8974720429263969,432.0,105.0831690176814,,high,monitor,50.0,treatment,1,0.0,False,1,50,0,-50
4039-HEUNW,0.8939189748062334,432.0,104.46919884651714,,high,monitor,50.0,treatment,1,0.0,False,1,50,0,-50
4039-HEUNW,0.8993775370319277,432.0,105.41243839911712,,high,monitor,50.0,treatment,1,0.0,False,1,50,0,-50
4039-HEUNW,0.8991102020084364,432.0,105.36624290705782,,high,monitor,50.0,treatment,1,1.0,True,0,50,432,382
4039-HEUNW,0.8946623243348617,432.0,104.59764964506412,,high,monitor,50.0,treatment,1,0.0,False,1,50,0,-50
4059-IIEBK,0.8964300521200258,432.0,104.90311300634048,,high,monitor,50.0,treatment,0,0.0,False,0,50,0,-50
4059-IIEBK,0.8974806074351231,432.0,105.0846489647893,,high,monitor,50.0,treatment,1,1.0,True,0,50,432,382
4094-NSEDU,0.8977510461052459,432.0,105.1313807669865,,high,monitor,50.0,treatment,1,0.0,False,1,50,0,-50
4183-MYFRB,0.8936767357619566,432.0,104.42733993966613,,high,monitor,50.0,treatment,1,0.0,False,1,50,0,-50
4183-MYFRB,0.8951846178819228,432.0,104.68790196999626,,high,monitor,50.0,treatment,1,0.0,False,1,50,0,-50
4183-MYFRB,0.895545061799319,432.0,104.75018667892232,,high,monitor,50.0,treatment,0,1.0,False,0,50,0,-50
4299-SIMNS,0.8945226105876972,432.0,104.5735071095541,,high,monitor,50.0,treatment,1,1.0,True,0,50,432,382
4301-VVZKA,0.8965762020232638,432.0,104.92836770962,,high,monitor,50.0,treatment,1,0.0,False,1,50,0,-50
4301-VVZKA,0.8951084718996766,432.0,104.67474394426412,,high,monitor,50.0,treatment,1,1.0,True,0,50,432,382
4301-VVZKA,0.8927878585825383,432.0,104.27374196306263,,high,monitor,50.0,treatment,1,0.0,False,1,50,0,-50
4325-NFSKC,0.8922695788391359,432.0,104.1841832234027,,high,monitor,50.0,treatment,1,1.0,True,0,50,432,382
4325-NFSKC,0.8955491998299383,432.0,104.75090173061336,,high,monitor,50.0,treatment,1,1.0,True,0,50,432,382
4329-YPDDQ,0.8964889722579186,432.0,104.91329440616836,,high,monitor,50.0,treatment,1,1.0,True,0,50,432,382
4360-PNRQB,0.8927854733343991,432.0,104.27332979218416,,high,monitor,50.0,treatment,1,0.0,False,1,50,0,-50
4360-PNRQB,0.8924008529312379,432.0,104.20686738651791,,high,monitor,50.0,treatment,0,1.0,False,0,50,0,-50
4391-RESHN,0.8939664207805976,432.0,104.47739751088729,,high,monitor,50.0,treatment,1,1.0,True,0,50,432,382
4391-RESHN,0.8932433597177463,432.0,104.35245255922656,,high,monitor,50.0,treatment,1,0.0,False,1,50,0,-50
4503-BDXBD,0.8915567019227206,432.0,104.06099809224614,,high,monitor,50.0,treatment,0,1.0,False,0,50,0,-50
4505-EXZHB,0.899499413587957,432.0,105.43349866799898,,high,monitor,50.0,treatment,1,0.0,False,1,50,0,-50
4547-KQRTM,0.8993067068817419,432.0,105.400198949165,,high,monitor,50.0,treatment,1,1.0,True,0,50,432,382
4581-SSPWD,0.896051250057856,432.0,104.83765600999754,,high,monitor,50.0,treatment,1,0.0,False,1,50,0,-50
4583-PARNH,0.8946478186970921,432.0,104.59514307085752,,high,monitor,50.0,treatment,0,1.0,False,0,50,0,-50
4585-HETAI,0.8991931432153016,432.0,105.38057514760412,,high,monitor,50.0,treatment,1,0.0,False,1,50,0,-50
4597-NUCQV,0.8931279602078542,432.0,104.33251152391722,,high,monitor,50.0,treatment,1,0.0,False,1,50,0,-50
4658-HCOHW,0.8920182212032521,432.0,104.14074862392198,,high,monitor,50.0,treatment,1,0.0,False,1,50,0,-50
4658-HCOHW,0.8935274363779196,432.0,104.40154100610454,,high,monitor,50.0,treatment,1,0.0,False,1,50,0,-50
4659-NZRUF,0.8990232768097709,432.0,105.35122223272842,,high,monitor,50.0,treatment,1,0.0,False,1,50,0,-50
4803-AXVYP,0.8980126210937432,432.0,105.17658092499885,,high,monitor,50.0,treatment,1,0.0,False,1,50,0,-50
4803-AXVYP,0.8970478213875746,432.0,105.0098635357729,,high,monitor,50.0,treatment,0,0.0,False,0,50,0,-50
4817-VYYWS,0.894894349474815,432.0,104.63774358924806,,high,monitor,50.0,treatment,1,0.0,False,1,50,0,-50
4817-VYYWS,0.89422152041937,432.0,104.52147872846714,,high,monitor,50.0,treatment,1,0.0,False,1,50,0,-50
4829-AUOAX,0.8942260259676801,432.0,104.52225728721513,,high,monitor,50.0,treatment,1,1.0,True,0,50,432,382
4829-AUOAX,0.891936024501324,432.0,104.12654503382882,,high,monitor,50.0,treatment,1,0.0,False,1,50,0,-50
4829-AUOAX,0.8993174557948554,432.0,105.402056361351,,high,monitor,50.0,treatment,1,1.0,True,0,50,432,382
4902-OHLSK,0.8928928122537774,432.0,104.29187795745273,,high,monitor,50.0,treatment,1,1.0,True,0,50,432,382
4902-OHLSK,0.8930840311252599,432.0,104.3249205784449,,high,monitor,50.0,treatment,1,1.0,True,0,50,432,382
4902-OHLSK,0.8981757597773778,432.0,105.2047712895309,,high,monitor,50.0,treatment,1,0.0,False,1,50,0,-50
4902-OHLSK,0.8959220818510429,432.0,104.81533574386025,,high,monitor,50.0,treatment,1,1.0,True,0,50,432,382
4902-OHLSK,0.893142317514858,432.0,104.33499246656746,,high,monitor,50.0,treatment,1,0.0,False,1,50,0,-50
4919-MOAVT,0.8988966325644486,432.0,105.32933810713676,,high,monitor,50.0,treatment,1,0.0,False,1,50,0,-50
4951-UKAAQ,0.8960101917493987,432.0,104.83056113429608,,high,monitor,50.0,treatment,1,0.0,False,1,50,0,-50
4983-CCWMC,0.8990512101295735,432.0,105.3560491103903,,high,monitor,50.0,treatment,1,1.0,True,0,50,432,382
5035-BVCXS,0.8980639854906042,432.0,105.1854566927764,,high,monitor,50.0,treatment,1,0.0,False,1,50,0,-50
5119-KEPFY,0.8952564485007972,432.0,104.70031430093778,,high,monitor,50.0,treatment,1,0.0,False,1,50,0,-50
5138-WVKYJ,0.899854363083916,432.0,105.49483394090068,,high,monitor,50.0,treatment,1,1.0,True,0,50,432,382
5222-IMUKT,0.8991461665109187,432.0,105.37245757308676,,high,monitor,50.0,treatment,1,1.0,True,0,50,432,382
5226-NOZFC,0.8948294496262675,432.0,104.62652889541904,,high,monitor,50.0,treatment,1,0.0,False,1,50,0,-50
5244-IRFIH,0.8981745052854196,432.0,105.20455451332056,,high,monitor,50.0,treatment,1,0.0,False,1,50,0,-50
5366-IJEQJ,0.8986678867739074,432.0,105.2898108345312,,high,monitor,50.0,treatment,0,1.0,False,0,50,0,-50
5399-ZIMKF,0.8952399537684825,432.0,104.6974640111938,,high,monitor,50.0,treatment,0,0.0,False,0,50,0,-50
5439-WIKXB,0.8951899984576642,432.0,104.6888317334844,,high,monitor,50.0,treatment,1,0.0,False,1,50,0,-50
5439-WIKXB,0.8946824517385964,432.0,104.60112766042948,,high,monitor,50.0,treatment,1,0.0,False,1,50,0,-50
5449-FIBXJ,0.8919684700437187,432.0,104.1321516235546,,high,monitor,50.0,treatment,1,1.0,True,0,50,432,382
5449-FIBXJ,0.8967003855943231,432.0,104.94982663069902,,high,monitor,50.0,treatment,1,1.0,True,0,50,432,382
5482-VXSXJ,0.8955984448528822,432.0,104.75941127057806,,high,monitor,50.0,treatment,1,1.0,True,0,50,432,382
5482-VXSXJ,0.8977712954779957,432.0,105.13487985859766,,high,monitor,50.0,treatment,1,1.0,True,0,50,432,382
5482-VXSXJ,0.893353581619082,432.0,104.37149890377736,,high,monitor,50.0,treatment,1,0.0,False,1,50,0,-50
5482-VXSXJ,0.8965461665142948,432.0,104.92317757367016,,high,monitor,50.0,treatment,1,0.0,False,1,50,0,-50
5519-YLDGW,0.8976000086772323,432.0,105.10528149942576,,high,monitor,50.0,treatment,1,0.0,False,1,50,0,-50
5519-YLDGW,0.8979084961781137,432.0,105.15858813957806,,high,monitor,50.0,treatment,1,0.0,False,1,50,0,-50
5605-IYGFG,0.8995041009504344,432.0,105.4343086442351,,high,monitor,50.0,treatment,1,0.0,False,1,50,0,-50
5628-FCGYG,0.8939305745743997,432.0,104.4712032864563,,high,monitor,50.0,treatment,1,1.0,True,0,50,432,382
5628-FCGYG,0.895871933512908,432.0,104.80667011103048,,high,monitor,50.0,treatment,1,1.0,True,0,50,432,382
5630-IXDXV,0.8935845051538138,432.0,104.41140249057904,,high,monitor,50.0,treatment,1,1.0,True,0,50,432,382
5655-JSMZM,0.8931893977879798,432.0,104.34312793776292,,high,monitor,50.0,treatment,1,0.0,False,1,50,0,-50
5655-JSMZM,0.8931432945615649,432.0,104.33516130023844,,high,monitor,50.0,treatment,1,1.0,True,0,50,432,382
5655-JSMZM,0.8921112211451332,432.0,104.15681901387904,,high,monitor,50.0,treatment,1,1.0,True,0,50,432,382
5655-JSMZM,0.8916815175743094,432.0,104.08256623684063,,high,monitor,50.0,treatment,1,0.0,False,1,50,0,-50
5760-FXFVO,0.8917181907931556,432.0,104.0889033690573,,high,monitor,50.0,treatment,1,1.0,True,0,50,432,382
5889-LFOLL,0.8954844198855572,432.0,104.7397077562243,,high,monitor,50.0,treatment,1,0.0,False,1,50,0,-50
5899-OUVKV,0.8952829284134954,432.0,104.704890029852,,high,monitor,50.0,treatment,1,0.0,False,1,50,0,-50
5899-OUVKV,0.8921971209981114,432.0,104.17166250847367,,high,monitor,50.0,treatment,1,0.0,False,1,50,0,-50
5899-OUVKV,0.8968128970763685,432.0,104.96926861479648,,high,monitor,50.0,treatment,1,0.0,False,1,50,0,-50
5899-OUVKV,0.8972556588594571,432.0,105.0457778509142,,high,monitor,50.0,treatment,1,0.0,False,1,50,0,-50
5908-QMGOE,0.8933488710897303,432.0,104.3706849243054,,high,monitor,50.0,treatment,1,1.0,True,0,50,432,382
5916-QEWPT,0.8942316228116569,432.0,104.52322442185434,,high,monitor,50.0,treatment,1,1.0,True,0,50,432,382
5922-ABDVO,0.8930742278108444,432.0,104.32322656571392,,high,monitor,50.0,treatment,1,1.0,True,0,50,432,382
5940-NFXKV,0.8923320336320743,432.0,104.19497541162244,,high,monitor,50.0,treatment,1,1.0,True,0,50,432,382
5940-NFXKV,0.8995969922428007,432.0,105.45036025955596,,high,monitor,50.0,treatment,1,0.0,False,1,50,0,-50
5950-AAAGJ,0.8928196849971543,432.0,104.27924156750828,,high,monitor,50.0,treatment,1,1.0,True,0,50,432,382
5950-AAAGJ,0.89234971895467,432.0,104.19803143536696,,high,monitor,50.0,treatment,1,0.0,False,1,50,0,-50
5950-AAAGJ,0.895015629756767,432.0,104.65870082196936,,high,monitor,50.0,treatment,1,0.0,False,1,50,0,-50
5950-AAAGJ,0.8960812582754798,432.0,104.84284143000292,,high,monitor,50.0,treatment,1,0.0,False,1,50,0,-50
5976-JCJRH,0.8964611002025471,432.0,104.90847811500016,,high,monitor,50.0,treatment,1,0.0,False,1,50,0,-50
5976-JCJRH,0.8971742744891762,432.0,105.03171463172964,,high,monitor,50.0,treatment,1,0.0,False,1,50,0,-50
5981-ITEMU,0.8919070648824463,432.0,104.12154081168671,,high,monitor,50.0,treatment,1,0.0,False,1,50,0,-50
5981-ITEMU,0.8978942578421788,432.0,105.15612775512852,,high,monitor,50.0,treatment,1,0.0,False,1,50,0,-50
5981-ITEMU,0.8935014731833298,432.0,104.39705456607942,,high,monitor,50.0,treatment,1,1.0,True,0,50,432,382
5981-ITEMU,0.8928857466791064,432.0,104.29065702614956,,high,monitor,50.0,treatment,0,0.0,False,0,50,0,-50
5981-ITEMU,0.8956063088216397,432.0,104.76077016437937,,high,monitor,50.0,treatment,1,0.0,False,1,50,0,-50
5981-ITEMU,0.894973500994622,432.0,104.65142097187068,,high,monitor,50.0,treatment,1,0.0,False,1,50,0,-50
5981-ITEMU,0.8989766293405526,432.0,105.34316155004753,,high,monitor,50.0,treatment,1,1.0,True,0,50,432,382
6005-OBZPH,0.8937119514796393,432.0,104.4334252156817,,high,monitor,50.0,treatment,1,0.0,False,1,50,0,-50
6005-OBZPH,0.8922245802052776,432.0,104.176407459472,,high,monitor,50.0,treatment,1,0.0,False,1,50,0,-50
6005-OBZPH,0.8946416164089005,432.0,104.594071315458,,high,monitor,50.0,treatment,1,0.0,False,1,50,0,-50
6005-OBZPH,0.8992649330490962,432.0,105.39298043088382,,high,monitor,50.0,treatment,1,0.0,False,1,50,0,-50
6005-OBZPH,0.8957581662821492,432.0,104.7870111335554,,high,monitor,50.0,treatment,1,0.0,False,1,50,0,-50
6034-YMTOB,0.8925393696415639,432.0,104.23080307406224,,high,monitor,50.0,treatment,1,0.0,False,1,50,0,-50
6087-MVHJH,0.8989391902973808,432.0,105.33669208338742,,high,monitor,50.0,treatment,1,0.0,False,1,50,0,-50
6116-RFVHN,0.8927830246265323,432.0,104.2729066554648,,high,monitor,50.0,treatment,0,0.0,False,0,50,0,-50
6116-RFVHN,0.898211991259795,432.0,105.2110320896926,,high,monitor,50.0,treatment,1,0.0,False,1,50,0,-50
6116-RFVHN,0.8991220594615059,432.0,105.36829187494824,,high,monitor,50.0,treatment,1,1.0,True,0,50,432,382
6116-RFVHN,0.895230339753935,432.0,104.69580270947996,,high,monitor,50.0,treatment,1,0.0,False,1,50,0,-50
6116-RFVHN,0.8972995270581751,432.0,105.05335827565268,,high,monitor,50.0,treatment,1,0.0,False,1,50,0,-50
6116-RFVHN,0.8964545454337444,432.0,104.90734545095104,,high,monitor,50.0,treatment,0,0.0,False,0,50,0,-50
6198-RTPMF,0.8969909096133813,432.0,105.0000291811923,,high,monitor,50.0,treatment,1,1.0,True,0,50,432,382
6198-ZFIOJ,0.8924799592517153,432.0,104.2205369586964,,high,monitor,50.0,treatment,1,0.0,False,1,50,0,-50
6217-TOWGS,0.8945976013513853,432.0,104.5864655135194,,high,monitor,50.0,treatment,1,0.0,False,1,50,0,-50
6260-ONULR,0.8959590789507687,432.0,104.82172884269283,,high,monitor,50.0,treatment,1,1.0,True,0,50,432,382
6284-AHOOQ,0.8958329843618102,432.0,104.79993969772082,,high,monitor,50.0,treatment,0,0.0,False,0,50,0,-50
6284-AHOOQ,0.8970013415122003,432.0,105.00183181330824,,high,monitor,50.0,treatment,1,0.0,False,1,50,0,-50
6319-IEJWJ,0.895606204513873,432.0,104.76075213999728,,high,monitor,50.0,treatment,1,0.0,False,1,50,0,-50
6330-JKLPC,0.8996552561317299,432.0,105.46042825956296,,high,monitor,50.0,treatment,0,1.0,False,0,50,0,-50
6330-JKLPC,0.8998263001661098,432.0,105.48998466870376,,high,monitor,50.0,treatment,0,0.0,False,0,50,0,-50
6330-JKLPC,0.8979105811900338,432.0,105.15894842963785,,high,monitor,50.0,treatment,1,1.0,True,0,50,432,382
6330-JKLPC,0.8961800823177235,432.0,104.85991822450262,,high,monitor,50.0,treatment,1,1.0,True,0,50,432,382
6330-JKLPC,0.8977742699742868,432.0,105.13539385155676,,high,monitor,50.0,treatment,1,0.0,False,1,50,0,-50
6331-EWIEB,0.895001643537541,432.0,104.65628400328708,,high,monitor,50.0,treatment,1,0.0,False,1,50,0,-50
6331-EWIEB,0.8925369229471655,432.0,104.2303802852702,,high,monitor,50.0,treatment,1,0.0,False,1,50,0,-50
6339-YPSAH,0.8918618333544921,432.0,104.11372480365624,,high,monitor,50.0,treatment,1,0.0,False,1,50,0,-50
6339-YPSAH,0.8924247420487751,432.0,104.21099542602836,,high,monitor,50.0,treatment,1,0.0,False,1,50,0,-50
6393-WRYZE,0.899005523251978,432.0,105.34815441794184,,high,monitor,50.0,treatment,1,1.0,True,0,50,432,382
6393-WRYZE,0.8975279271465602,432.0,105.0928258109256,,high,monitor,50.0,treatment,0,1.0,False,0,50,0,-50
6400-BWQKW,0.8997497880619622,432.0,105.47676337710708,,high,monitor,50.0,treatment,1,1.0,True,0,50,432,382
6402-EJMWF,0.8938375721242835,432.0,104.4551324630762,,high,monitor,50.0,treatment,1,0.0,False,1,50,0,-50
6402-ZFPPI,0.8983271070619545,432.0,105.23092410030574,,high,monitor,50.0,treatment,1,1.0,True,0,50,432,382
6481-ESCNL,0.8965354535345819,432.0,104.92132637077576,,high,monitor,50.0,treatment,1,1.0,True,0,50,432,382
6481-ESCNL,0.8928216014395263,432.0,104.27957272875015,,high,monitor,50.0,treatment,0,1.0,False,0,50,0,-50
6481-ESCNL,0.8945457249603808,432.0,104.5775012731538,,high,monitor,50.0,treatment,1,0.0,False,1,50,0,-50
6481-ESCNL,0.8975118671477901,432.0,105.09005064313814,,high,monitor,50.0,treatment,1,1.0,True,0,50,432,382
6481-ESCNL,0.8946280898109839,432.0,104.59173391933804,,high,monitor,50.0,treatment,0,0.0,False,0,50,0,-50
6481-ESCNL,0.8958709165104919,432.0,104.806494373013,,high,monitor,50.0,treatment,1,0.0,False,1,50,0,-50
6481-ESCNL,0.896616605173809,432.0,104.93534937403422,,high,monitor,50.0,treatment,1,0.0,False,1,50,0,-50
6481-ESCNL,0.8959546136634582,432.0,104.8209572410456,,high,monitor,50.0,treatment,1,1.0,True,0,50,432,382
6507-ZJSUR,0.8944750973240245,432.0,104.56529681759145,,high,monitor,50.0,treatment,1,1.0,True,0,50,432,382
6559-PDZLR,0.8949614892772559,432.0,104.64934534710984,,high,monitor,50.0,treatment,1,0.0,False,1,50,0,-50
6559-PDZLR,0.893327775135647,432.0,104.3670395434398,,high,monitor,50.0,treatment,1,0.0,False,1,50,0,-50
6595-YGXIT,0.8990243491043343,432.0,105.35140752522898,,high,monitor,50.0,treatment,1,0.0,False,1,50,0,-50
6595-YGXIT,0.8947476147034003,432.0,104.6123878207476,,high,monitor,50.0,treatment,0,0.0,False,0,50,0,-50
6599-SFQVE,0.8999267024992054,432.0,105.5073341918627,,high,monitor,50.0,treatment,1,0.0,False,1,50,0,-50
6719-OXYBR,0.891561593259261,432.0,104.06184331520032,,high,monitor,50.0,treatment,1,0.0,False,1,50,0,-50
6719-OXYBR,0.8998602354599555,432.0,105.49584868748032,,high,monitor,50.0,treatment,1,1.0,True,0,50,432,382
6719-OXYBR,0.8971455921378562,432.0,105.02675832142154,,high,monitor,50.0,treatment,1,0.0,False,1,50,0,-50
6821-BUXUX,0.8936111909540739,432.0,104.41601379686398,,high,monitor,50.0,treatment,1,0.0,False,1,50,0,-50
6821-BUXUX,0.8927428295703234,432.0,104.26596094975189,,high,monitor,50.0,treatment,1,0.0,False,1,50,0,-50
6856-RAURS,0.8959067170104604,432.0,104.81268069940757,,high,monitor,50.0,treatment,1,1.0,True,0,50,432,382
6862-CQUMB,0.8951043644094827,432.0,104.67403416995865,,high,monitor,50.0,treatment,1,1.0,True,0,50,432,382
6862-CQUMB,0.8996883643206047,432.0,105.4661493546005,,high,monitor,50.0,treatment,0,1.0,False,0,50,0,-50
6899-PPEEA,0.8936142453633938,432.0,104.41654159879444,,high,monitor,50.0,treatment,1,0.0,False,1,50,0,-50
6906-ANDWJ,0.8926431285072675,432.0,104.24873260605582,,high,monitor,50.0,treatment,1,0.0,False,1,50,0,-50
6906-ANDWJ,0.894827755616852,432.0,104.62623617059204,,high,monitor,50.0,treatment,1,0.0,False,1,50,0,-50
6927-WTFIV,0.8976436355342289,432.0,105.11282022031476,,high,monitor,50.0,treatment,1,1.0,True,0,50,432,382
6927-WTFIV,0.893436867355622,432.0,104.3858906790515,,high,monitor,50.0,treatment,1,1.0,True,0,50,432,382
6927-WTFIV,0.8984694401797625,432.0,105.25551926306298,,high,monitor,50.0,treatment,1,1.0,True,0,50,432,382
7000-WCEVQ,0.8921240691767652,432.0,104.15903915374506,,high,monitor,50.0,treatment,1,1.0,True,0,50,432,382
7011-CVEUC,0.899621621804348,432.0,105.45461624779136,,high,monitor,50.0,treatment,1,1.0,True,0,50,432,382
7011-CVEUC,0.8947027182392827,432.0,104.60462971174806,,high,monitor,50.0,treatment,1,0.0,False,1,50,0,-50
7011-CVEUC,0.8979392563143154,432.0,105.16390349111371,,high,monitor,50.0,treatment,1,1.0,True,0,50,432,382
7077-XJMET,0.8923243440544663,432.0,104.1936466526118,,high,monitor,50.0,treatment,0,0.0,False,0,50,0,-50
7273-TEFQD,0.8940266537996742,432.0,104.48780577658373,,high,monitor,50.0,treatment,1,0.0,False,1,50,0,-50
7321-PKUYW,0.8947373173883988,432.0,104.61060844471533,,high,monitor,50.0,treatment,1,0.0,False,1,50,0,-50
7392-YYPYJ,0.8976916392373362,432.0,105.1211152602117,,high,monitor,50.0,treatment,1,0.0,False,1,50,0,-50
7479-NITWS,0.8980302777986823,432.0,105.17963200361233,,high,monitor,50.0,treatment,1,0.0,False,1,50,0,-50
7480-QNVZJ,0.8944753553491998,432.0,104.56534140434172,,high,monitor,50.0,treatment,1,0.0,False,1,50,0,-50
7503-QQRVF,0.89392004142626,432.0,104.46938315845772,,high,monitor,50.0,treatment,1,0.0,False,1,50,0,-50
7534-BFESC,0.8991405617488549,432.0,105.37148907020216,,high,monitor,50.0,treatment,1,0.0,False,1,50,0,-50
7534-BFESC,0.8982315054049732,432.0,105.21440413397936,,high,monitor,50.0,treatment,1,0.0,False,1,50,0,-50
7534-BFESC,0.8988583403164377,432.0,105.32272120668046,,high,monitor,50.0,treatment,1,0.0,False,1,50,0,-50
7562-GSUHK,0.8984468295930683,432.0,105.25161215368225,,high,monitor,50.0,treatment,1,0.0,False,1,50,0,-50
7562-GSUHK,0.8996145010617866,432.0,105.45338578347672,,high,monitor,50.0,treatment,1,0.0,False,1,50,0,-50
7562-GSUHK,0.8984201732887356,432.0,105.2470059442935,,high,monitor,50.0,treatment,1,1.0,True,0,50,432,382
7562-UXTPG,0.8959618024645134,432.0,104.82219946586793,,high,monitor,50.0,treatment,1,1.0,True,0,50,432,382
7567-ECMCM,0.8924699450164022,432.0,104.21880649883433,,high,monitor,50.0,treatment,1,1.0,True,0,50,432,382
7567-ECMCM,0.8927206688133089,432.0,104.2621315709398,,high,monitor,50.0,treatment,1,1.0,True,0,50,432,382
7625-XCQRH,0.8958413313466173,432.0,104.80138205669547,,high,monitor,50.0,treatment,1,0.0,False,1,50,0,-50
7625-XCQRH,0.8992811601063668,432.0,105.39578446638018,,high,monitor,50.0,treatment,0,1.0,False,0,50,0,-50
7658-UYUQS,0.8986953971204616,432.0,105.2945646224158,,high,monitor,50.0,treatment,1,0.0,False,1,50,0,-50
7658-UYUQS,0.8947697799873993,432.0,104.61621798182262,,high,monitor,50.0,treatment,1,0.0,False,1,50,0,-50
7668-XCFYV,0.8979246225060323,432.0,105.1613747690424,,high,monitor,50.0,treatment,1,1.0,True,0,50,432,382
7703-ZEKEF,0.8970701971435062,432.0,105.0137300663979,,high,monitor,50.0,treatment,1,0.0,False,1,50,0,-50
7783-YKGDV,0.8986695801888852,432.0,105.29010345663936,,high,monitor,50.0,treatment,1,1.0,True,0,50,432,382
7783-YKGDV,0.8944663419099512,432.0,104.5637838820396,,high,monitor,50.0,treatment,1,1.0,True,0,50,432,382
7831-QGOXH,0.8915510140849806,432.0,104.06001523388466,,high,monitor,50.0,treatment,0,1.0,False,0,50,0,-50
7831-QGOXH,0.8980788191919109,432.0,105.1880199563622,,high,monitor,50.0,treatment,0,1.0,False,0,50,0,-50
7952-OBOYL,0.8943187901544545,432.0,104.53828693868974,,high,monitor,50.0,treatment,1,0.0,False,1,50,0,-50
7952-OBOYL,0.8933716979354649,432.0,104.37462940324836,,high,monitor,50.0,treatment,1,0.0,False,1,50,0,-50
8008-HAWED,0.8987334183575277,432.0,105.3011346921808,,high,monitor,50.0,treatment,1,0.0,False,1,50,0,-50
8008-HAWED,0.8917936293652923,432.0,104.10193915432252,,high,monitor,50.0,treatment,1,0.0,False,1,50,0,-50
8020-BWHYL,0.8954562221859677,432.0,104.73483519373522,,high,monitor,50.0,treatment,1,1.0,True,0,50,432,382
8020-BWHYL,0.8936170870975727,432.0,104.41703265046056,,high,monitor,50.0,treatment,1,1.0,True,0,50,432,382
8020-BWHYL,0.8979856532934675,432.0,105.1719208891112,,high,monitor,50.0,treatment,1,1.0,True,0,50,432,382
8065-YKXKD,0.8952421744459754,432.0,104.69784774426456,,high,monitor,50.0,treatment,1,0.0,False,1,50,0,-50
8111-SLLHI,0.8922594977094117,432.0,104.18244120418638,,high,monitor,50.0,treatment,1,0.0,False,1,50,0,-50
8111-SLLHI,0.8951692210522939,432.0,104.68524139783642,,high,monitor,50.0,treatment,1,0.0,False,1,50,0,-50
8132-YPVBX,0.8990715412343571,432.0,105.3595623252969,,high,monitor,50.0,treatment,1,0.0,False,1,50,0,-50
8290-YWKHZ,0.8995154181969139,432.0,105.43626426442674,,high,monitor,50.0,treatment,1,1.0,True,0,50,432,382
8290-YWKHZ,0.8972655232917927,432.0,105.04748242482177,,high,monitor,50.0,treatment,1,0.0,False,1,50,0,-50
8325-QRPZR,0.8919600071524214,432.0,104.13068923593843,,high,monitor,50.0,treatment,1,0.0,False,1,50,0,-50
8374-XGEJJ,0.8961795730023614,432.0,104.85983021480806,,high,monitor,50.0,treatment,1,0.0,False,1,50,0,-50
8374-XGEJJ,0.8947749566788991,432.0,104.61711251411376,,high,monitor,50.0,treatment,1,1.0,True,0,50,432,382
8393-DLHGA,0.8977048047201833,432.0,105.12339025564768,,high,monitor,50.0,treatment,1,1.0,True,0,50,432,382
8397-MVTAZ,0.8931481208662552,432.0,104.33599528568892,,high,monitor,50.0,treatment,1,0.0,False,1,50,0,-50
8397-MVTAZ,0.8983295064166636,432.0,105.23133870879948,,high,monitor,50.0,treatment,1,0.0,False,1,50,0,-50
8399-YNDCH,0.8968274366204925,432.0,104.97178104802111,,high,monitor,50.0,treatment,1,0.0,False,1,50,0,-50
8456-QDAVC,0.8982156252721807,432.0,105.21166004703284,,high,monitor,50.0,treatment,1,0.0,False,1,50,0,-50
8456-QDAVC,0.8922161943111148,432.0,104.17495837696065,,high,monitor,50.0,treatment,0,1.0,False,0,50,0,-50
8456-QDAVC,0.8937674967933089,432.0,104.4430234458838,,high,monitor,50.0,treatment,1,1.0,True,0,50,432,382
8490-BXHEO,0.8928930585892981,432.0,104.29192052423072,,high,monitor,50.0,treatment,0,0.0,False,0,50,0,-50
8490-BXHEO,0.895313547743458,432.0,104.71018105006954,,high,monitor,50.0,treatment,1,0.0,False,1,50,0,-50
8490-BXHEO,0.8936677914441726,432.0,104.42579436155305,,high,monitor,50.0,treatment,1,1.0,True,0,50,432,382
8541-QVFKM,0.8921715854564588,432.0,104.16724996687608,,high,monitor,50.0,treatment,1,0.0,False,1,50,0,-50
8541-QVFKM,0.8968618013615884,432.0,104.97771927528252,,high,monitor,50.0,treatment,1,1.0,True,0,50,432,382
8541-QVFKM,0.8997165553913852,432.0,105.47102077163136,,high,monitor,50.0,treatment,1,0.0,False,1,50,0,-50
8543-MSDMF,0.8955356357459474,432.0,104.74855785689974,,high,monitor,50.0,treatment,1,0.0,False,1,50,0,-50
8563-OYMQY,0.8978303283281173,432.0,105.14508073509867,,high,monitor,50.0,treatment,1,0.0,False,1,50,0,-50
8563-OYMQY,0.8928555334200471,432.0,104.28543617498416,,high,monitor,50.0,treatment,1,0.0,False,1,50,0,-50
8563-OYMQY,0.8916808440725168,432.0,104.08244985573091,,high,monitor,50.0,treatment,0,1.0,False,0,50,0,-50
8563-OYMQY,0.8969520130832964,432.0,104.99330786079364,,high,monitor,50.0,treatment,1,0.0,False,1,50,0,-50
8584-KMVXD,0.8920380131611887,432.0,104.14416867425342,,high,monitor,50.0,treatment,1,0.0,False,1,50,0,-50
8630-FJLIB,0.8918168453757549,432.0,104.10595088093044,,high,monitor,50.0,treatment,1,0.0,False,1,50,0,-50
8676-TRMJS,0.8936455706528329,432.0,104.42195460880951,,high,monitor,50.0,treatment,1,0.0,False,1,50,0,-50
8709-KRDVL,0.8943720221512119,432.0,104.54748542772944,,high,monitor,50.0,treatment,0,0.0,False,0,50,0,-50
8709-KRDVL,0.8922806634555758,432.0,104.18609864512352,,high,monitor,50.0,treatment,1,0.0,False,1,50,0,-50
8709-KRDVL,0.8916668224548807,432.0,104.0800269202034,,high,monitor,50.0,treatment,1,1.0,True,0,50,432,382
8709-KRDVL,0.8984919365015662,432.0,105.25940662747064,,high,monitor,50.0,treatment,1,0.0,False,1,50,0,-50
8709-KRDVL,0.8960377803482104,432.0,104.83532844417076,,high,monitor,50.0,treatment,1,0.0,False,1,50,0,-50
8709-KRDVL,0.8967988699358816,432.0,104.96684472492036,,high,monitor,50.0,treatment,1,1.0,True,0,50,432,382
8709-KRDVL,0.8950411675167846,432.0,104.6631137469004,,high,monitor,50.0,treatment,1,0.0,False,1,50,0,-50
8714-CTZJW,0.8976808038902658,432.0,105.11924291223797,,high,monitor,50.0,treatment,0,1.0,False,0,50,0,-50
8739-WWKDU,0.8941752529064715,432.0,104.51348370223828,,high,monitor,50.0,treatment,1,0.0,False,1,50,0,-50
8739-WWKDU,0.8999460104660689,432.0,105.51067060853671,,high,monitor,50.0,treatment,1,1.0,True,0,50,432,382
8739-WWKDU,0.8977972166270988,432.0,105.13935903316268,,high,monitor,50.0,treatment,1,1.0,True,0,50,432,382
8739-WWKDU,0.8943023355228806,432.0,104.5354435783538,,high,monitor,50.0,treatment,1,1.0,True,0,50,432,382
8773-HHUOZ,0.8922515649231055,432.0,104.18107041871264,,high,monitor,50.0,treatment,1,1.0,True,0,50,432,382
8849-AYPTR,0.8928202610303163,432.0,104.27934110603869,,high,monitor,50.0,treatment,1,0.0,False,1,50,0,-50
8849-AYPTR,0.8960618247395573,432.0,104.8394833149955,,high,monitor,50.0,treatment,1,1.0,True,0,50,432,382
8854-CCVSQ,0.8968890748430095,432.0,104.98243213287203,,high,monitor,50.0,treatment,1,0.0,False,1,50,0,-50
8854-CCVSQ,0.8995506753634167,432.0,105.4423567027984,,high,monitor,50.0,treatment,1,0.0,False,1,50,0,-50
8861-HGGKB,0.8968263803502484,432.0,104.97159852452296,,high,monitor,50.0,treatment,1,0.0,False,1,50,0,-50
8868-WOZGU,0.8936695677685326,432.0,104.42610131040244,,high,monitor,50.0,treatment,1,0.0,False,1,50,0,-50
8868-WOZGU,0.898255491711552,432.0,105.2185489677562,,high,monitor,50.0,treatment,1,0.0,False,1,50,0,-50
8868-WOZGU,0.8943918174250394,432.0,104.5509060510468,,high,monitor,50.0,treatment,1,0.0,False,1,50,0,-50
8868-WOZGU,0.8940674481208913,432.0,104.49485503529002,,high,monitor,50.0,treatment,1,0.0,False,1,50,0,-50
8903-WMRNW,0.899383358229304,432.0,105.41344430202376,,high,monitor,50.0,treatment,1,1.0,True,0,50,432,382
8903-WMRNW,0.8999306116767931,432.0,105.50800969774986,,high,monitor,50.0,treatment,0,1.0,False,0,50,0,-50
8931-GJJIQ,0.8972689194345069,432.0,105.0480692782828,,high,monitor,50.0,treatment,1,0.0,False,1,50,0,-50
8993-IZEUX,0.8998445933133493,432.0,105.49314572454676,,high,monitor,50.0,treatment,1,0.0,False,1,50,0,-50
9050-QLROH,0.8949972620144879,432.0,104.65552687610352,,high,monitor,50.0,treatment,1,0.0,False,1,50,0,-50
9093-FPDLG,0.895889172199264,432.0,104.80964895603282,,high,monitor,50.0,treatment,1,0.0,False,1,50,0,-50
9093-FPDLG,0.8919900214901156,432.0,104.135875713492,,high,monitor,50.0,treatment,1,0.0,False,1,50,0,-50
9093-FPDLG,0.8942332943952875,432.0,104.52351327150568,,high,monitor,50.0,treatment,1,0.0,False,1,50,0,-50
9095-HFAFX,0.8973230459281616,432.0,105.05742233638634,,high,monitor,50.0,treatment,1,0.0,False,1,50,0,-50
9129-UXERG,0.8933390807199503,432.0,104.3689931484074,,high,monitor,50.0,treatment,1,1.0,True,0,50,432,382
9133-AYJZG,0.895313155613616,432.0,104.71011329003288,,high,monitor,50.0,treatment,1,0.0,False,1,50,0,-50
9167-APMXZ,0.896998139948225,432.0,105.00127858305328,,high,monitor,50.0,treatment,1,0.0,False,1,50,0,-50
9167-APMXZ,0.8944504983754918,432.0,104.561046119285,,high,monitor,50.0,treatment,1,0.0,False,1,50,0,-50
9169-BSVIN,0.8941171477365093,432.0,104.5034431288688,,high,monitor,50.0,treatment,1,0.0,False,1,50,0,-50
9169-BSVIN,0.8947840549846253,432.0,104.61868470134326,,high,monitor,50.0,treatment,1,0.0,False,1,50,0,-50
9172-ANCRX,0.8934029915532132,432.0,104.38003694039526,,high,monitor,50.0,treatment,1,1.0,True,0,50,432,382
9272-LSVYH,0.8920072455643505,432.0,104.13885203351978,,high,monitor,50.0,treatment,1,0.0,False,1,50,0,-50
9274-UARKJ,0.8926698191155161,432.0,104.2533447431612,,high,monitor,50.0,treatment,1,0.0,False,1,50,0,-50
9274-UARKJ,0.8944544769798304,432.0,104.5617336221147,,high,monitor,50.0,treatment,1,1.0,True,0,50,432,382
9306-CPCBC,0.8964282627257693,432.0,104.90280379901291,,high,monitor,50.0,treatment,1,1.0,True,0,50,432,382
9355-NPPFS,0.8964121811295205,432.0,104.90002489918116,,high,monitor,50.0,treatment,1,1.0,True,0,50,432,382
9355-NPPFS,0.8999095531188559,432.0,105.50437077893832,,high,monitor,50.0,treatment,1,0.0,False,1,50,0,-50
9355-NPPFS,0.8992806250092171,432.0,105.39569200159272,,high,monitor,50.0,treatment,1,1.0,True,0,50,432,382
9369-XFEHK,0.8988696370299362,432.0,105.324673278773,,high,monitor,50.0,treatment,1,0.0,False,1,50,0,-50
9369-XFEHK,0.8991948230401098,432.0,105.38086542133098,,high,monitor,50.0,treatment,1,0.0,False,1,50,0,-50
9432-VOFYX,0.8967937130725587,432.0,104.96595361893816,,high,monitor,50.0,treatment,1,0.0,False,1,50,0,-50
9432-VOFYX,0.8975045748882391,432.0,105.08879054068773,,high,monitor,50.0,treatment,1,0.0,False,1,50,0,-50
9432-VOFYX,0.8947574250503784,432.0,104.6140830487054,,high,monitor,50.0,treatment,1,0.0,False,1,50,0,-50
9492-TOKRI,0.8935112785872632,432.0,104.39874893987908,,high,monitor,50.0,treatment,1,0.0,False,1,50,0,-50
9492-TOKRI,0.8946151235598084,432.0,104.5894933511349,,high,monitor,50.0,treatment,1,1.0,True,0,50,432,382
9494-MRNYX,0.8946511545850729,432.0,104.5957195123006,,high,monitor,50.0,treatment,1,1.0,True,0,50,432,382
9494-MRNYX,0.8954832981149401,432.0,104.73951391426166,,high,monitor,50.0,treatment,1,1.0,True,0,50,432,382
9494-MRNYX,0.8932826656747046,432.0,104.35924462858895,,high,monitor,50.0,treatment,1,0.0,False,1,50,0,-50
9512-UIBFX,0.8970759271021637,432.0,105.01472020325387,,high,monitor,50.0,treatment,1,1.0,True,0,50,432,382
9529-OFXHY,0.8936079579246357,432.0,104.41545512937704,,high,monitor,50.0,treatment,0,0.0,False,0,50,0,-50
9540-JYROE,0.8988670598796187,432.0,105.3242279471981,,high,monitor,50.0,treatment,0,1.0,False,0,50,0,-50
9560-ARGQJ,0.8943469805389014,432.0,104.54315823712216,,high,monitor,50.0,treatment,1,0.0,False,1,50,0,-50
9600-UDOPK,0.8947542591931856,432.0,104.6135359885825,,high,monitor,50.0,treatment,1,1.0,True,0,50,432,382
9601-BRXPO,0.8998408727917135,432.0,105.4925028184081,,high,monitor,50.0,treatment,1,0.0,False,1,50,0,-50
9606-PBKBQ,0.8957721064127159,432.0,104.78941998811732,,high,monitor,50.0,treatment,1,1.0,True,0,50,432,382
9606-PBKBQ,0.8998998425614434,432.0,105.50269279461745,,high,monitor,50.0,treatment,1,1.0,True,0,50,432,382
9620-ENEJV,0.8924817566936751,432.0,104.22084755666708,,high,monitor,50.0,treatment,1,0.0,False,1,50,0,-50
9620-ENEJV,0.8988760346141276,432.0,105.32577878132123,,high,monitor,50.0,treatment,1,0.0,False,1,50,0,-50
9647-ERGBE,0.8954264150053989,432.0,104.72968451293296,,high,monitor,50.0,treatment,1,1.0,True,0,50,432,382
9647-ERGBE,0.8925128610181918,432.0,104.22622238394356,,high,monitor,50.0,treatment,1,0.0,False,1,50,0,-50
9793-WECQC,0.8990790206800559,432.0,105.36085477351368,,high,monitor,50.0,treatment,1,1.0,True,0,50,432,382
9793-WECQC,0.8924878181115031,432.0,104.22189496966774,,high,monitor,50.0,treatment,1,0.0,False,1,50,0,-50
9793-WECQC,0.8934474054771221,432.0,104.3877116664467,,high,monitor,50.0,treatment,0,0.0,False,0,50,0,-50
9793-WECQC,0.8945791824358353,432.0,104.58328272491237,,high,monitor,50.0,treatment,1,0.0,False,1,50,0,-50
9793-WECQC,0.899982884026588,432.0,105.51704235979444,,high,monitor,50.0,treatment,1,0.0,False,1,50,0,-50
9866-QEVEE,0.8917685396795558,432.0,104.09760365662726,,high,monitor,50.0,treatment,1,1.0,True,0,50,432,382
9898-KZQDZ,0.898986506662938,432.0,105.3448683513557,,high,monitor,50.0,treatment,1,0.0,False,1,50,0,-50
9898-KZQDZ,0.8958419719454913,432.0,104.8014927521809,,high,monitor,50.0,treatment,1,0.0,False,1,50,0,-50
9912-GVSEQ,0.8932645362580889,432.0,104.3561118653978,,high,monitor,50.0,treatment,1,0.0,False,1,50,0,-50
9912-GVSEQ,0.8963024572689006,432.0,104.88106461606604,,high,monitor,50.0,treatment,1,0.0,False,1,50,0,-50
9912-GVSEQ,0.89656226221856,432.0,104.92595891136716,,high,monitor,50.0,treatment,1,1.0,True,0,50,432,382
9912-GVSEQ,0.8955641323922932,432.0,104.75348207738828,,high,monitor,50.0,treatment,1,1.0,True,0,50,432,382
9921-ZVRHG,0.8965435767514852,432.0,104.92273006265664,,high,monitor,50.0,treatment,1,0.0,False,1,50,0,-50
9921-ZVRHG,0.8949563813374052,432.0,104.64846269510365,,high,monitor,50.0,treatment,1,1.0,True,0,50,432,382
9944-AEXBM,0.897179157072691,432.0,105.03255834216102,,high,monitor,50.0,treatment,1,1.0,True,0,50,432,382
9992-RRAMN,0.8976248518776935,432.0,105.10957440446543,,high,monitor,50.0,treatment,1,0.0,False,1,50,0,-50
