n_customers,threshold,expected_savings,total_cost,profit,roi,profit_per_customer,marginal_profit
100,0.96222116414543,12825.266726188092,5769.281498572364,10978.991129614416,190.30083958169175,109.78991129614417,0.0
200,0.9550772418626016,25841.979198358753,11808.661397233001,21501.191844999554,182.07984056548273,107.50595922499777,10522.200715385137
300,0.9505314730893994,38959.351469191126,17990.05568452473,31783.217826331773,176.6710363974698,105.9440594211059,10282.025981332219
400,0.9475539080089309,52142.01752946735,24263.568749248516,41909.452531270916,172.72583833146524,104.77363132817729,10126.234704939143
500,0.9448255413474904,65376.219371882326,30609.790310217715,51912.722627359806,169.59515926520757,103.82544525471961,10003.27009608889
600,0.9422480936815008,78656.8706704292,37021.54439958971,61805.164111413884,166.94377588445187,103.00860685235648,9892.441484054078
700,0.9403235534095351,91978.40845102683,43490.98257763377,71600.05026470579,164.63194441950307,102.28578609243684,9794.886153291904
800,0.9382031224297802,105332.66408073169,50006.5802493393,81316.8714823174,162.61234236946603,101.64608935289674,9716.821217611607
900,0.9361114602331312,118725.81801358428,56577.05701690785,90940.88117300546,160.7380906112315,101.04542352556162,9624.009690688064
1000,0.9346147309758692,132150.4498760769,63191.94395609039,100489.78438145993,159.02309391096807,100.48978438145993,9548.903208454474
1100,0.9326390771295726,145608.5040144249,69853.98421899675,109958.9418888327,157.41255580226365,99.96267444439337,9469.157507372773
1200,0.9310788244438614,159095.4599971253,76556.80022167791,119359.13946509828,155.9092583800288,99.46594955424857,9400.197576265578
1300,0.9297003646973627,172609.02087766107,83297.15135110199,128695.8576350163,154.5021114738442,98.99681356539716,9336.718169918022
1400,0.9285784273828748,186145.24755842853,90069.48018965649,137978.49510325296,153.19117509362323,98.55606793089497,9282.637468236659
1500,0.9273724032304832,199701.6027804119,96870.20708297388,147213.10578127456,151.96943437436818,98.1420705208497,9234.610678021592
1600,0.9259723839112002,213281.45030561488,103704.07774494198,156391.6637177541,150.80570322644027,97.7447898235963,9178.557936479541
1700,0.9247610785153686,226884.08606462966,110570.09884964679,165515.84882547735,149.69313634289662,97.36226401498668,9124.185107723257
1800,0.923632086300163,240507.54991526506,117465.50495945971,174590.33801256178,148.6311560766859,96.99463222920099,9074.48918708443
1900,0.9226677614732965,254149.01207617077,124386.3037192025,183621.88315008476,147.62226841679,96.64309639478145,9031.545137522975
2000,0.9216046802946425,267809.4376937878,131333.8567914613,192608.1813942807,146.65539115333678,96.30409069714034,8986.298244195932
2100,0.9205620044489656,281488.0578419528,138307.07934812747,201551.0674064468,145.72722405563223,95.97669876497466,8942.886012166098
2200,0.9195348982911608,295184.72966976976,145305.76985012664,210450.8820294659,144.8331213870806,95.65949183157541,8899.814623019105
2300,0.9185941164159722,308899.18747860345,152329.55344046757,219308.25922148128,143.96960686108088,95.35141705281795,8857.377192015381
2400,0.9176186686939142,322630.3074144914,159376.84454640438,228125.88050312095,143.13615077044614,95.05245020963373,8817.621281639673
2500,0.9166368209336304,336378.5724232767,166448.32452493897,236902.59356342323,142.32801335764006,94.7610374253693,8776.713060302282
2600,0.9157455160299566,350143.55185254425,173543.38579647883,245639.42594099505,141.54352516152133,94.4767022849981,8736.832377571816
2700,0.9147923334098288,363923.79799256707,180659.98588116115,254339.83187778026,140.7837107023168,94.1999377325112,8700.405936785217
2800,0.9139213481869203,377721.5302992072,187801.25606547284,262998.51574207237,140.0408715319687,93.92804133645441,8658.683864292107
2900,0.9130315994411266,391534.92050966766,194964.61697187874,271619.83977715875,139.31750488671315,93.66201371626164,8621.324035086378
3000,0.9120712795031792,405364.4280041855,202150.71671019396,280202.70789972,138.61079122535213,93.40090263324,8582.868122561253
3100,0.9112096582997014,419210.7899909361,209360.59535967276,288745.36112772144,137.91772068266667,93.14366487991015,8542.653228001436
3200,0.9104419191362143,433071.80864040635,216591.1521450428,297253.0434923036,137.241544979291,92.89157609134487,8507.682364582142
3300,0.9092694826211631,446950.08280601527,223846.0536202247,305719.554117476,136.57580697677037,92.64228912650788,8466.510625172406
3400,0.9082664440219262,460847.5101682579,231127.97709968674,314140.36512900976,135.91620065688514,92.39422503794405,8420.811011533777
3500,0.9074187866869685,474760.444276585,238431.77804258603,322524.1769743785,135.26895601842673,92.14976484982243,8383.811845368764
3600,0.9064009284786468,488691.46161055996,245761.09143702025,330864.8421617114,134.62865103140226,91.9069006004754,8340.665187332896
3700,0.9055708734541822,502638.0450110484,253112.36598624205,339168.3666440675,133.999129328396,91.66712612001825,8303.524482356093
3800,0.9044725476564719,516601.32800207485,260487.20090586177,347432.0458280066,133.3777800290334,91.42948574421226,8263.679183939064
3900,0.9035758664983167,530582.5886002422,267887.39926670725,355652.8303601447,132.76206022891682,91.19303342567814,8220.784532138146
4000,0.9024156191651517,544581.3537464788,275312.2936603819,363831.84896156215,132.15241648830096,90.95796224039054,8179.018601417425
4100,0.9013562181556808,558600.0282268696,282765.2768437776,371963.3638018034,131.5449223305116,90.72277165897644,8131.514840241231
4200,0.900345816460447,572636.5249970632,290243.4043412292,380052.3545781133,130.94263259512311,90.48865585193174,8088.990776309918
4300,0.8994542510788951,586690.9877085257,297746.87882128346,388098.4785374454,130.3451038928921,90.25546012498731,8046.1239593321225
4400,0.898520605869362,600761.0609249761,305272.37715148984,396107.3557614004,129.7553874534918,90.02439903668191,8008.877223955002
4500,0.8976580102032164,614847.1262749353,312820.4377468048,404078.07568260387,129.17253060353508,89.79512792946753,7970.719921203447
4600,0.8968128970763685,628948.4380736158,320390.00856887084,412012.4175083257,128.59714925216207,89.56791684963602,7934.341825721844
4700,0.8958571194356986,643066.2659685885,327982.8808811914,419907.3518537291,128.0272161539542,89.34198975611258,7894.934345403395
4800,0.8950077529447219,657199.3460158134,335597.27146700537,427765.89449500054,127.4640561364209,89.11789468645844,7858.54264127143
4900,0.894254898168305,671346.5713948961,343231.61878512416,435590.686310598,126.90867113361548,88.89605843073429,7824.791815597448
5000,0.8934714538717887,685507.2986845939,350885.0150742012,443383.26250651095,126.36141284424735,88.67665250130219,7792.5761959129595
5100,0.8925369229471655,699683.0911075599,358559.6657838032,451139.89322643215,125.82003395174152,88.45880259341807,7756.630719921202
5200,0.8917203969138359,713874.6572097748,366256.5705555513,458858.8878764516,125.28345557881397,88.24209382239454,7718.994650019449
5300,0.8910084358199674,728079.3142319471,373971.94445816474,466546.6475323518,124.75445135551956,88.02766934572675,7687.759655900183
5400,0.8900979260376854,742298.2681815859,381707.488969506,474200.29465477145,124.23133115228309,87.81486938051323,7653.647122419672
5500,0.8892192682585639,756533.298190149,389465.71415088733,481815.5842280194,123.71193836111432,87.60283349600353,7615.289573247952
5600,0.8885207479836629,770782.9236773143,397244.5311474523,489396.04892342864,123.1976806602709,87.39215159346939,7580.464695409231
5700,0.8877170340057282,785045.1692941327,405041.15306734305,496946.4019325095,122.69034841748194,87.18357928640518,7550.353009080864
5800,0.8869671936735258,799320.9240220155,412856.8341168391,504464.5221416018,122.18872995543961,86.97664174855203,7518.120209092274
5900,0.8862239167835589,813609.8197566351,420691.05496139254,511951.287849293,121.69293399791339,86.77140472021915,7486.7657076912
6000,0.8855662770352283,827911.3265932593,428543.06799274735,519407.96341066575,121.20321204669591,86.56799390177763,7456.675561372773
6100,0.8848071234235366,842225.5496640506,436413.02153506,526834.2979799067,120.71919763686118,86.36627835736175,7426.33456924092
6200,0.8839940547931048,856554.3214214793,444303.50087680505,534225.9193171472,120.2389623900973,86.16547085760439,7391.621337240562
6300,0.883140587191095,870898.0919214814,452215.1409727447,541581.7535868943,119.76196825739096,85.96535771220543,7355.834269747022
6400,0.8822675205386075,885257.1376411095,460148.331886441,548901.141113651,119.28786938406486,85.76580329900797,7319.387526756735
6500,0.8814396105820429,899630.0583279782,468101.0980925198,556187.4229059306,118.81779922592716,85.56729583168162,7286.281792279566
6600,0.8806644641571724,914017.9743645226,476075.02026597434,563437.9257261844,118.35065940057137,85.36938268578551,7250.502820253838
6700,0.8799234651273439,928419.449648855,484068.0723036893,570656.0761200008,117.88756763160137,85.17254867462698,7218.15039381641
6800,0.8790848432666717,942835.0501273773,492081.0526627782,577840.5237367095,117.4279157081673,84.97654760833963,7184.447616708698
6900,0.8782991320151893,957264.0073806669,500112.8772300605,584993.1020285217,116.97221340681752,84.78160898964083,7152.578291812213
7000,0.8774697901991803,971707.9308087006,508165.81660369696,592109.9709598278,116.51904784095233,84.58713870854682,7116.86893130606
7100,0.8765652476947312,986167.6563763614,516241.05019238323,599189.1359146414,116.06770435852528,84.3928360443157,7079.164954813663
7200,0.8756053614672993,1000643.9995595061,524339.7284981745,606228.6511638875,115.61753157638104,84.19842377276215,7039.515249246033
7300,0.8746556559898445,1015137.0496358529,532461.9774772188,613228.3036905276,115.16846829063287,84.00387721788049,6999.6525266401
7400,0.8738223651241626,1029645.364077105,540605.761959798,620191.5353735897,114.72159177979869,83.80966694237699,6963.231683062157
7500,0.8729253661045179,1044168.7957731411,548770.8743977722,627118.6972184875,114.27696448115894,83.61582629579833,6927.161844897782
7600,0.8719526031477799,1058709.1022199295,556959.794328343,634005.5958319064,113.83327886288015,83.42178892525085,6886.898613418918
7700,0.8712173449172438,1073265.130749656,565170.8955271665,640854.981484456,113.3913629587551,83.22791967330598,6849.385652549565
7800,0.87052228099803,1087833.0386422211,573398.7565494091,647676.0229236394,112.95385899007088,83.03538755431275,6821.041439183406
7900,0.8697080365058314,1102414.6093345878,581645.8935307391,654464.4648608142,112.51939919803229,82.8436031469385,6788.4419371747645
8000,0.8689868240296502,1117009.6163200857,589911.9869075703,661220.8477419171,112.08805083079618,82.65260596773965,6756.382881102967
8100,0.868144044796361,1131618.7842939089,598198.0591054017,667943.4424409445,111.65924600956517,82.46215338777093,6722.594699027366
8200,0.8672966240493779,1146242.929957749,606505.2623557406,674630.3003039714,111.23239024895261,82.27198784194773,6686.857863026904
8300,0.8664584883827608,1160882.9135184023,614834.8102686263,681279.3688736995,110.80689601423886,82.08185167153006,6649.068569728057
8400,0.865563205980792,1175537.5714950694,623185.0613643755,687893.4242205683,110.38349069448535,81.89207431197241,6614.055346868816
8500,0.8644839908962326,1190208.9742504351,631558.9365835707,694467.5264498654,109.96084232559514,81.70206193527828,6574.102229297161
8600,0.86364935769085,1204897.9188901335,639957.5605109105,700999.7736639483,109.53847831789108,81.5116015888312,6532.247214082861
8700,0.8627124043732434,1219602.042045563,648377.5988227468,707495.8048709708,109.1178668349376,81.32135688172077,6496.03120702249
8800,0.8618028982400906,1234322.0496591902,656820.0474875707,713953.9356890207,108.69856034693144,81.13112905557053,6458.130818049889
8900,0.860943488570433,1249058.3094697185,665285.4253240951,720373.2886918905,108.28033521716777,80.940818954145,6419.353002869873
9000,0.860119632482499,1263810.1787627386,673772.8255681975,726755.3973990646,107.86356614875147,80.75059971100718,6382.108707174077
9100,0.8593279280662265,1278575.878372212,682279.7381097793,733104.5069087414,107.4492566553082,80.56093482513641,6349.109509676811
9200,0.858357893471825,1293357.6996343625,690809.3956466736,739415.1500823457,107.0360586786999,80.37121196547236,6310.643173604272
9300,0.8572850085247516,1308157.1759947755,699363.9616179112,745683.6681117886,106.62311886742364,80.18103958191276,6268.518029442872
9400,0.8563774177506233,1322972.8583281166,707941.3915464395,751913.5186166615,106.2112665815695,79.99079985283633,6229.850504872971
9500,0.8553485628244056,1337807.2000302053,716545.1467694768,758098.8477834607,105.79917416248334,79.7998787140485,6185.329166799202
9600,0.8543267679633708,1352659.1254995773,725173.7097906,764242.2220021375,105.38746946891095,79.60856479188932,6143.374218676705
9700,0.8533694717578898,1367529.309745159,733828.0329361726,770342.0306983449,104.97582486949612,79.41670419570566,6099.808696207474
9800,0.8525361091358913,1382415.496099031,742504.9324196258,776403.6582919289,104.56545463770001,79.22486309101316,6061.627593584009
9900,0.8514468820436666,1397319.3959415504,751206.8227166346,782423.0214216275,104.15547326794821,79.03262842642702,6019.363129698555
10000,0.8506612001669978,1412238.7240227219,759930.47971603,788405.5727042503,103.74706552089619,78.84055727042504,5982.551282622851
10100,0.8497943522746515,1427172.7174167985,768674.8270553027,794353.1324840721,103.34059403599045,78.64882499842298,5947.559779821779
10200,0.8487214731141254,1442123.177749958,777442.4065321074,800261.4020729004,102.93513646143649,78.45700020322553,5908.26958882832
10300,0.8479023479794843,1457091.4946789283,786235.1787230932,806127.0657435048,102.53001742464862,78.26476366441794,5865.66367060435
10400,0.8469232503417619,1472075.8414768078,795050.5664176182,811954.4820745242,102.12614346444309,78.07254635331964,5827.416331019369
10500,0.8459707104176831,1487077.7449719443,803890.7237188828,817740.0080466254,101.7227819551984,77.88000076634528,5785.525972101255
10600,0.8449791544115347,1502096.0343950316,812753.9988643222,823486.4371206583,101.32050267009856,77.687399728364,5746.429074032931
10700,0.8440365052105215,1517131.0916505703,821640.9306582538,829192.8580707614,100.91912745954093,77.49465963278145,5706.4209501030855
10800,0.8430495163563055,1532183.8285209525,830552.8054753845,834857.0953800299,100.51824397874158,77.30158290555832,5664.237309268443
10900,0.8421560611768194,1547252.7436150934,839487.505100301,840482.7313743711,100.11855164824057,77.10850746553864,5625.635994341224
11000,0.8413715066656987,1562336.2280911687,848442.7597223035,846073.6047576404,99.72076431350084,76.91578225069458,5590.873383269296
11100,0.8405012232824617,1577435.2683068113,857419.9609294743,851627.362076073,99.32441520872433,76.72318577261919,5553.757318432559
11200,0.8395247640162543,1592550.0897148447,866419.4267985955,857143.4653982157,98.92939134171375,76.53066655341212,5516.103322142735
11300,0.8387973113251069,1607679.9604377015,875440.1247710234,862623.6609872454,98.53599767464048,76.3383770785173,5480.195589029696
11400,0.8378333151228039,1622825.190855299,884482.4927416744,868067.2082752802,98.14408034063953,76.14624633993687,5443.54728803481
11500,0.8371269530761525,1637985.2990727604,893545.850836287,873475.2570656713,97.75382609053231,75.9543701796236,5408.048790391069
11600,0.8363169737281717,1653159.3061475556,902628.8179282667,878850.1431197154,97.36561980558868,75.76294337238926,5374.886054044124
11700,0.8353401608066567,1668348.225092844,911732.8232122518,884189.44938344,96.9790081998178,75.57174781055042,5339.306263724575
11800,0.8344679429786064,1683553.7258199512,920860.2226579443,889489.1914408847,96.5932906596279,75.38043995261735,5299.742057444761
11900,0.8335770617171263,1698774.116443757,930008.6292942392,894753.4061375825,96.20915096417858,75.18936186030105,5264.214696697774
12000,0.832795990778954,1714009.7775949934,939178.5801283767,899981.1852868892,95.82641728944354,74.99843210724077,5227.779149306705
12100,0.8317990394957135,1729262.3451976925,948372.3831795887,905168.6255666799,95.44443107167878,74.80732442699833,5187.440279790666
12200,0.8311817198670526,1744528.3006583655,957585.074292276,910324.122356903,95.06456886138265,74.61673134072976,5155.496790223173
12300,0.8300946918763019,1759810.6088315938,966820.8363876888,915440.6015011407,94.68565085145259,74.42606516269437,5116.479144237703
12400,0.8291037664375581,1775110.6114746495,976081.5624642345,920514.8615604867,94.30716622046799,74.23506948068442,5074.260059345979
12500,0.828149490119932,1790427.565552584,985366.2042220427,925548.6754196816,93.92941136543365,74.04389403357453,5033.813859194866
12600,0.8272241039392363,1805760.9475891162,994674.0231223416,930543.2920954964,93.55258813077927,73.8526422298013,4994.6166758148465
12700,0.8265821228979614,1821108.1105413386,1004001.2846237845,935505.027444256,93.17767235674454,73.66181318458709,4961.735348759568
12800,0.8255760934456327,1836469.7909399928,1013349.0278498767,940432.1241002887,92.8043643655234,73.47125969533505,4927.0966560327215
12900,0.8247190615588854,1851848.9882502872,1022721.4845517593,945317.4253260648,92.4315602639736,73.280420567912,4885.301225776086
13000,0.8239064843833831,1867242.3319184058,1032113.8994334165,950168.973278206,92.06047644545872,73.08992102140046,4851.547952141147
13100,0.8229492164168887,1882651.5808485204,1041528.7540187929,954982.5712034174,91.69046629952054,72.8994329162914,4813.597925211419
13200,0.8219788986157637,1898077.9468410683,1050967.757958618,959755.3277403854,91.32110100167088,72.7087369500292,4772.756536968052
13300,0.8210820030395951,1913520.9197790993,1060430.1915619345,964488.4600304568,90.95256507265577,72.51792932559826,4733.132290071342
13400,0.8200880788193812,1928980.0115192072,1069915.3661388361,969183.1327860006,90.58502788717176,72.32709946164184,4694.672755543841
13500,0.819087570612588,1944457.1306434935,1079425.9743841612,973834.7921215066,90.21783941016457,72.13591052751902,4651.659335506032
13600,0.8181996227833066,1959950.6279688962,1088959.6895723701,978447.372995208,89.8515695635566,71.9446597790594,4612.580873701372
13700,0.8171815965572169,1975461.7768159858,1098518.308148964,983017.8372584722,89.48579463503766,71.75312680718775,4570.464263264206
13800,0.8162000376438296,1990989.38778512,1108100.152067043,987549.0228242174,89.12091754360378,71.56152339305923,4531.185565745225
13900,0.8154033944040083,2006533.611746039,1117705.4341789486,992040.5697165623,88.7568888349641,71.36982515946491,4491.546892344835
14000,0.8144218764032813,2022093.6712607988,1127333.0576478534,996494.3329059505,88.39396007645745,71.17816663613932,4453.763189388206
14100,0.8135790945998073,2037669.545180405,1136982.992636011,1000910.3628539784,88.03213146868994,70.98655055701974,4416.029948027921
14200,0.8126673856386776,2053261.2395302488,1146655.2476442559,1005288.6451840347,87.67139445350715,70.7949750129602,4378.282330056303
14300,0.8115885116384549,2068869.7503865738,1156351.2279720283,1009626.803253706,87.3114308897615,70.60327295480461,4338.158069671248
14400,0.8104935515998959,2084497.8475514827,1166074.841353672,1013918.2283026696,86.95138530950834,70.41098807657428,4291.425048963632
14500,0.8092719071182485,2100146.2469712943,1175827.097871465,1018161.2120797783,86.59106546556885,70.2180146261916,4242.983777108719
14600,0.8082716926951534,2115815.3730568094,1185608.59629911,1022354.7419389455,86.23037527985517,70.02429739307846,4193.529859167174
14700,0.8075622855482967,2131499.371416493,1195411.0770548715,1026512.7864848016,85.87111213774396,69.83080180168719,4158.044545856072
14800,0.8065149050312148,2147198.2799350005,1205234.5935877543,1030635.2553243903,85.51324869097766,69.63751725164799,4122.4688395886915
14900,0.8055857407121755,2162914.686943467,1215082.797606471,1034715.9726879362,85.15600539536646,69.44402501261317,4080.717363545904
15000,0.8046175670707311,2178647.3791308906,1224953.9773291347,1038757.8335409674,84.79974372636059,69.2505222360645,4041.8608530312777
15100,0.8038008798918272,2194397.0261822445,1234849.077570887,1042759.2400121157,84.44426602021376,69.05690331206064,4001.4064711482497
15200,0.8028505405254214,2210161.997874947,1244765.798356302,1046724.0818198224,84.09004193415409,68.86342643551464,3964.841807706747
15300,0.8019337891926073,2225944.4474428194,1254707.1775434806,1050647.2213384656,83.7364478455816,68.66975302865788,3923.1395186431473
15400,0.8010784826360443,2241742.0450520394,1264669.9281208233,1054534.2175620638,83.38414586397252,68.4762478936405,3886.996223598253
15500,0.8002701158195915,2257553.81277286,1274652.6703906036,1058387.4038354112,83.03339634561623,68.28305831196201,3853.1862733473536
15600,0.7992373373583391,2273381.4952638187,1284657.865778525,1062202.617395359,82.68369701310675,68.08991137149738,3815.213559947908
15700,0.7982851335325758,2289227.663458924,1294689.1414488205,1065973.7239817546,82.33433724398722,67.89641554023915,3771.10658639553
15800,0.7973580471660952,2305090.0338244564,1304743.2757117045,1069706.1721163657,81.98595018877319,67.70292228584593,3732.448134611128
15900,0.79640367444709,2320969.5473004663,1314821.5960785355,1073397.7167119815,81.63827852488866,67.50929035924412,3691.5445956157055
16000,0.7954728113532838,2336865.4808381773,1324923.0824466385,1077050.0829662452,81.29151776700392,67.31563018539033,3652.3662542637903
16100,0.7944658508338968,2352779.5961007634,1335050.2202324541,1080659.0675428738,80.94519975096617,67.12168121384309,3608.9845766285434
16200,0.793401442525402,2368711.323475574,1345202.2058063971,1084226.029540221,80.59948347246942,66.92753268766796,3566.9619973471854
16300,0.7924569152204901,2384661.148679657,1355379.7244351814,1087749.8100352213,80.2542483427301,66.73311718007493,3523.7804950003047
16400,0.7915422809074956,2400627.2153220912,1365580.1570571258,1091234.838384989,79.90998058558783,66.53870965762128,3485.028349767672
16500,0.7907319520395585,2416608.6344823646,1375802.2495518685,1094683.2355578803,79.56690257734675,66.34443851865942,3448.397172891302
16600,0.7898290326869244,2432605.679209935,1386046.3871471994,1098094.3500566566,79.22493505551327,66.15026205160582,3411.1144987763837
16700,0.7888293208407582,2448618.082839421,1396312.1936222077,1101468.8181461226,78.88413659761684,65.95621665545644,3374.468089465983
16800,0.7878104006531851,2464649.39627423,1406604.678716464,1104798.1673547165,78.54361527951494,65.76179567587597,3329.349208593834
16900,0.7868048363008546,2480698.4950697813,1416922.2560239572,1108085.080612284,78.2036612030991,65.56716453327124,3286.913257567445
17000,0.7857368499295306,2496765.4872461315,1427265.0779431874,1111329.3001824815,77.86425362442156,65.3723117754401,3244.2195701976307
17100,0.7849379338858375,2512849.312732178,1437631.6488885125,1114533.3553997474,77.52565521644125,65.17738920466358,3204.05521726585
17200,0.783981115889984,2528948.616842066,1448020.057621424,1117700.4785506476,77.1881903615774,64.98258596224696,3167.123150900239
17300,0.7829735031550562,2545065.5195634235,1458433.2950951231,1120825.611335128,76.8513455572217,64.7876075916259,3125.132784480462
17400,0.7821311918568736,2561198.1671113838,1468868.7459246386,1123913.1768922517,76.51556206165714,64.59271131564665,3087.5655571236275
17500,0.7813022575553228,2577345.6425636564,1479325.116483714,1126965.363002743,76.18104704944689,64.39802074301389,3052.1861104913987
17600,0.7802587167084722,2593510.961948938,1489806.6618918425,1129974.973408516,75.84708823718164,64.20312348912023,3009.6104057729244
17700,0.7793025160198919,2609694.6358160144,1500314.1024492302,1132940.789937862,75.51357333030202,64.00795423377751,2965.8165293459315
17800,0.7784185014452845,2625893.1484350683,1510842.478040446,1135871.2011379981,75.18131225772898,63.81298882797742,2930.411200136179
17900,0.7774431338206079,2642108.0944253085,1521394.038410424,1138762.4022402912,74.84993193677082,63.61801129834029,2891.2011022930965
18000,0.7764430041538927,2658341.1842073235,1531971.1966807605,1141610.3121734979,74.51904543942885,63.42279512074988,2847.9099332066253
18100,0.7755141333190857,2674591.30155813,1542572.378044765,1144417.5942506935,74.18890747293563,63.22749139506594,2807.2820771955885
18200,0.7745994629803048,2690856.8881166554,1553195.3839117596,1147187.9667284326,73.85986197301284,63.03230586419959,2770.372477739118
18300,0.7735467917103356,2707140.0653656777,1563843.2073443532,1149916.3677392297,73.53143603775759,62.836959985750255,2728.401010797126
18400,0.772525315656365,2723442.5218685283,1574518.2306271559,1152598.7683633543,73.20326598595531,62.64123741105186,2682.400624124566
18500,0.7716327142538834,2739761.9115559435,1585217.1438430352,1155240.766332659,72.87586882463393,62.44544682879238,2641.997969304677
18600,0.7706265465854361,2756097.806015744,1595939.342573002,1157843.3838405393,72.54933523813276,62.24964429250211,2602.6175078803208
18700,0.769596854664934,2772450.8313631513,1606685.7101624594,1160405.1269732486,72.22352944533966,62.05375010552131,2561.7431327092927
18800,0.7685480186134194,2788822.8542916873,1617458.880208362,1162921.5417916183,71.89805911120351,61.8575288187031,2516.4148183697835
18900,0.7675582228276495,2805212.8281732234,1628257.3760908903,1165395.1255550864,71.5731519271824,61.661117754237374,2473.5837634680793
19000,0.766627020829442,2821620.1224727184,1639080.3082290045,1167827.3827231077,71.24894227940078,61.46459909068988,2432.257168021286
19100,0.7655607132270336,2838044.724284957,1649927.6584155716,1170218.3440875858,70.92543349514781,61.26797613024009,2390.9613644781057
19200,0.7646053983165009,2854486.829669506,1660799.7032583319,1172567.5418495093,70.6025861847785,61.071226137995275,2349.1977619235404
19300,0.7637520224950002,2870946.2435503565,1671696.1675371844,1174875.4414611135,70.28044116365902,60.87437520523904,2307.899611604167
19400,0.7628128107430826,2887421.4854645026,1682614.9625627855,1177145.5753138172,69.95929559076966,60.67760697493903,2270.1338527037296
19500,0.7619768040129224,2903911.1792881642,1693554.1468512474,1179381.2268451708,69.63941655115921,60.481088556162604,2235.651531353593
19600,0.7611082099912917,2920417.1877475744,1704516.348402334,1181577.9515819736,69.320423514241,60.28458936642723,2196.7247368027456
19700,0.7602898502851011,2936937.3257266684,1715498.4843773535,1183740.96322102,69.00274025311444,60.08837376756447,2163.0116390464827
19800,0.7593388583419685,2953473.3304301808,1726503.0056859208,1185866.116783971,68.68601519247511,59.89222812040257,2125.1535629509017
19900,0.7584102589297584,2970026.3059813767,1737531.4700640186,1187950.7778277318,68.37002945241402,59.69601898631818,2084.6610437608324
20000,0.7574140004904416,2986596.0515417345,1748583.5941615894,1189995.4255539204,68.05482045738277,59.49977127769602,2044.6477261886466
20100,0.7564539578018614,3003183.2911991705,1759660.3995473618,1191998.3322855015,67.74024877710039,59.303399616194106,2002.9067315810826
20200,0.7555449277205798,3019787.5852995217,1770761.2659417633,1193960.5470392897,67.42639846508574,59.106957774222266,1962.2147537881974
20300,0.7546448281367577,3036407.465559499,1781884.1218390223,1195885.5731458454,67.11354338303505,58.910619366790414,1925.0261065557133
20400,0.7539207740552808,3053041.749059396,1793027.298334361,1197776.2330569292,66.80189610998157,58.714521228280844,1890.659911083756
20500,0.7531314746564421,3069688.7307421565,1804188.3898732455,1199636.5950463675,66.4917589415731,58.518858294944756,1860.361989438301
20600,0.7521901325479359,3086351.963257196,1815372.408658572,1201458.1824766225,66.18246354005196,58.32321274158362,1821.587430255022
20700,0.7513211006330153,3103031.2589371917,1826579.089922674,1203241.443122774,65.87404015304432,58.12760594796009,1783.2606461513788
20800,0.7505401825854617,3119724.8614551257,1837805.9557775469,1204990.567589013,65.5668006625433,57.93223882639485,1749.124466239009
20900,0.7495762507386767,3136434.9517010697,1849056.083099703,1206700.3522617822,65.26034354993199,57.73685895989388,1709.7846727692522
21000,0.7486280159099478,3153159.8010391584,1860327.03306879,1208374.9216740623,64.95497298024695,57.54166293686011,1674.569412280107
21100,0.7476927429005261,3169902.2523733517,1871622.816553825,1210007.4926441715,64.65017854784062,57.34632666560054,1632.5709701091982
21200,0.7465925855817253,3186662.7379607167,1882944.0433983025,1211597.0338047908,64.34588632905538,57.15080348135806,1589.541160619352
21300,0.7456932099560898,3203440.0845332793,1894289.0583144452,1213146.3445786112,64.04230332503104,56.95522744500522,1549.3107738203835
21400,0.7446680725606355,3220235.5927649834,1905659.6963388596,1214652.321551721,63.73920400821316,56.75945427811781,1505.9769731098786
21500,0.7437577269356812,3237048.335522853,1917054.64943969,1216117.1768675968,63.43675060192151,56.56358962174869,1464.8553158757277
21600,0.7428461344564667,3253877.1284797704,1928472.246726538,1217543.7363360792,63.13514433006667,56.36776557111478,1426.5594684823882
21700,0.7419271307786711,3270722.799231236,1939913.6558002755,1218930.0253105743,62.8342411872825,56.17189056730757,1386.288974495139
21800,0.7407787535632565,3287585.3718208326,1951378.9105824383,1220275.986422981,62.53403579414306,55.975962679953255,1345.9611124065705
21900,0.7398622090293256,3304466.6459525973,1962870.5501588555,1221577.3255713435,62.23422759450342,55.779786555769114,1301.3391483626328
22000,0.7389902576272098,3321364.2293331833,1974385.1993978322,1222839.750778386,61.935216651306945,55.583625035381175,1262.4252070423681
22100,0.7381411198896249,3338277.343060597,1985921.7593970047,1224065.1205077851,61.637127178638394,55.38756201392693,1225.3697293992154
22200,0.7373009851942798,3355205.6436454295,1997479.7455494206,1225254.25432682,61.340008931595214,55.19163307778468,1189.1338190347888
22300,0.7363105475259434,3372149.540838305,2009059.735945689,1226406.1745686512,61.04378842629917,54.995792581553864,1151.9202418313362
22400,0.7352593295147177,3389111.1023421288,2020664.6477738828,1227515.9476848096,60.74812804970553,54.799819093071854,1109.7731161583215
22500,0.734200597755619,3406090.9816632224,2032295.4030237333,1228582.0144062622,60.452924932976124,54.603645084722764,1066.066721452633
22600,0.733359856908941,3423087.7921103183,2043950.0453023675,1229607.6833846364,60.15840192428661,54.40741961878922,1025.6689783742186
22700,0.7323731147650665,3440102.1175301317,2055629.3983212914,1230591.5615590324,59.864465966675816,54.211082007005835,983.8781743959989
22800,0.7313319806183224,3457133.4944560714,2067332.808205518,1231534.7547628284,59.57118998328201,54.01468222643984,943.1932037959341
22900,0.7303360199738083,3474183.1462474307,2079062.0009134177,1232434.3440552286,59.27838340144591,53.81809362686588,899.5892924002837
23000,0.7293605760389212,3491250.7337931236,2090816.4980151295,1233291.138556813,58.986101349765065,53.62135385029621,856.7945015842561
23100,0.7283958561224433,3508335.392519756,2102595.0797400624,1234107.2011436066,58.694477744910145,53.42455416206089,816.062586793676
23200,0.727563374656632,3525434.6003959253,2114394.1879175017,1234888.5493939212,58.40389443229511,53.22795471525522,781.3482503145933
23300,0.7265957687314403,3542550.950627814,2126217.481134049,1235628.9959060957,58.113951506364955,53.031287377944025,740.4465121745598
23400,0.7256437124142684,3559683.80518739,2138064.0592372883,1236330.0630178985,57.824743729097364,52.83461807768797,701.0671118027531
23500,0.7246798100934609,3576834.1004146584,2149935.2432486713,1236989.5166178471,57.536129076552434,52.63785177097222,659.4535999486689
23600,0.7236852016553046,3594002.2218522714,2161831.577105348,1237606.4367994354,57.24805067638836,52.440950711840486,616.9201815882698
23700,0.7228086102169746,3611185.922353104,2173749.890453025,1238186.1852658442,56.96083945553633,52.24414283822127,579.7484664088115
23800,0.7219621299569845,3628385.3157737013,2185690.3439245215,1238728.490354849,56.67447329847499,52.04741556112811,542.3050890048034
23900,0.7209734971457784,3645600.1564190947,2197652.590884727,1239233.93829575,56.38898265520946,51.850792397311714,505.4479409009218
24000,0.7199836876766621,3662833.31579825,2209640.6825596076,1239695.6776551914,56.10394882027382,51.65398656896631,461.73935944144614
24100,0.7191249781514361,3680083.4830956473,2221652.769604468,1240116.8360449248,55.81956158998281,51.457130126345426,421.1583897334058
24200,0.718365566827674,3697347.0430441718,2233683.751473154,1240506.039508602,55.53633269214885,51.26058014498356,389.2034636773169
24300,0.717357266053652,3714626.5725875814,2245737.263808664,1240857.1394467875,55.25388741790537,51.064079812625,351.0999381854199
24400,0.7164513391022123,3731923.1712894375,2257814.8579139914,1241167.512295858,54.972067702777906,50.86752099573189,310.37284907046705
24500,0.7155186776317748,3749236.122457485,2269915.5226544654,1241438.8680867678,54.690972227680746,50.670974207623175,271.3557909098454
24600,0.7143926304362171,3766567.666534885,2282042.4189261924,1241665.8611120244,54.41028838089198,50.47422199642376,226.99302525655366
24700,0.7136194149407982,3783915.7076099096,2294192.5897431,1241853.4922264693,54.130307009906694,50.27746932090969,187.63111444492824
24800,0.7126621609919256,3801278.769791534,2306363.9528661603,1242005.2829127505,53.85122679225402,50.080858181965745,151.7906862811651
24900,0.7118011646859638,3818657.66583004,2318557.6549520884,1242119.293945028,53.57293105444452,49.88430899377622,114.01103227748536
25000,0.7109494771637834,3836052.638570033,2330774.0386146056,1242194.9458949792,53.29538279194711,49.68779783579917,75.65194995119236
25100,0.7099543180684442,3853463.730034995,2343013.163141923,1242232.1384943805,53.01857275221526,49.49132025874026,37.192599401343614
25200,0.7089712482278933,3870893.0061027566,2355277.9431472295,1242225.9425494066,52.74222289406267,49.294680259897085,-6.195944973966107
25300,0.7079701686338381,3888339.300822215,2367566.733665653,1242179.1400246473,52.46648900584137,49.097989724294365,-46.80252475920133
25400,0.7070028277887794,3905802.949045106,2379880.0071178125,1242090.931962355,52.191325959606125,48.901217793793506,-88.20806229230948
25500,0.7061196932489495,3923283.0385231096,2392216.4764716555,1241963.4949911367,51.916852308572935,48.704450783966145,-127.4369712183252
25600,0.7052275099923778,3940778.2983307224,2404574.348660725,1241799.8615449825,51.64323000603525,48.50780709160088,-163.63344615418464
25700,0.7044493352921585,3958288.737011351,2416953.635738362,1241600.0112392823,51.37045216260354,48.31128448401877,-199.850305700209
25800,0.7035335039320608,3975814.083264962,2429353.9549449235,1241364.5913971458,51.09854777935351,48.11490664330022,-235.41984213655815
25900,0.702719614867342,3993353.964051332,2441774.779982127,1241094.4920942266,50.827557982366876,47.91870625846435,-270.09930291911587
26000,0.7018694182120372,4010908.995143253,2454216.979603911,1240788.2440938656,50.55739791573433,47.72262477284099,-306.24800036102533
26100,0.7010575842510118,4028479.3713602116,2466680.8286684696,1240445.3825558845,50.28803759850378,47.526643009804005,-342.8615379810799
26200,0.7000631435743383,4046065.827528592,2479167.3638947406,1240064.154181215,50.019380387175225,47.33069290767996,-381.22837466956116
26300,0.6991379659510585,4063668.935729294,2491677.3923946028,1239643.193982248,49.75135215200957,47.13472220464821,-420.9601989670191
26400,0.6983158301533738,4081287.9921989385,2504209.9212738974,1239184.181141585,49.48403768447692,46.938794740211556,-459.01284066285007
26500,0.6975468710059345,4098921.2070495733,2516762.4252956733,1238691.3863399574,49.21765256386621,46.7430711826399,-492.79480162775144
26600,0.6966601564123256,4116568.4194244435,2529334.6775175557,1238165.1933823107,48.95220883135647,46.54756366098913,-526.1929576466791
26700,0.6958038567987512,4134231.8311875714,2541929.784406845,1237600.3486111437,48.6874325248105,46.352072981690775,-564.8447711670306
26800,0.6949143023849083,4151909.8717214027,2554545.5300809853,1237000.599527038,48.423509581675845,46.15673878832231,-599.7490841057152
26900,0.6939643035041386,4169604.555170987,2567184.7561667413,1236361.140370807,48.16019327790462,45.96138068292962,-639.4591562310234
27000,0.6932026358956179,4187314.5370734967,2579845.565848612,1235685.1790368275,47.89764144778807,45.766117742104726,-675.9613339793868
27100,0.6923357190315903,4205038.427186054,2592525.997722988,1234976.0326508835,47.636013437688234,45.57107131553076,-709.1463859439828
27200,0.6914358934023537,4222779.011640113,2605229.982562236,1234227.0534907465,47.374975021471535,45.37599461363039,-748.9791601370089
27300,0.6905251200845655,4240535.326142214,2617956.1599071873,1233440.5423649647,47.11463703077033,45.18097224780091,-786.5111257818062
27400,0.689703002240609,4258306.694598615,2630703.5759009803,1232618.1124362631,46.85507419870017,44.986062497673835,-822.4299287016038
27500,0.6889358105477096,4276092.363556877,2643471.1675463845,1231761.5614455543,46.59636831177735,44.791329507111065,-856.5509907088708
27600,0.6880380638373635,4293892.744386157,2656259.5152174896,1230869.9078641818,46.338465831844765,44.596735792180496,-891.6535813724622
27700,0.68710549494005,4311709.028494168,2669070.299794255,1229940.308987957,46.08122570180211,44.40217721978184,-929.5988762248307
27800,0.6862389773044042,4329541.914953852,2681904.5075534023,1228971.0968256863,45.82456583984897,44.20759341099591,-969.2121622706763
27900,0.6852239708320244,4347390.645289427,2694761.0684105903,1227964.0811040096,45.56856990027249,44.01304950193583,-1007.0157216766383
28000,0.6843717073267863,4365255.7050004015,2707640.667325622,1226918.1034189083,45.313180520026464,43.81850369353244,-1045.9776851013303
28100,0.683463878543231,4383137.014656374,2720543.192235289,1225833.3532916787,45.05840439476695,43.62396275059355,-1084.7501272296067
28200,0.6827128910592535,4401032.343252687,2733465.495559659,1224715.1539095049,44.80448558428767,43.429615386861876,-1118.1993821738288
28300,0.6818180363439341,4418943.313037453,2746409.8660234953,1223559.6345810648,44.55123940960229,43.23532277671607,-1155.5193284400739
28400,0.6809687675315068,4436868.422232056,2759374.1848646374,1222370.3785569263,44.298826352066136,43.04121051256783,-1189.2560241385363
28500,0.6801537859125913,4454809.7297279,2772361.356839588,1221142.4733128897,44.04701682557561,42.84710432676806,-1227.9052440365776
28600,0.6791952982745467,4472765.699203081,2785369.214451298,1219879.5845199642,43.79597427123404,42.653132325872875,-1262.8887929255143
28700,0.6782850969380563,4490738.36854556,2798400.632823871,1218576.8497682693,43.54547506439781,42.45912368530555,-1302.7347516948357
28800,0.677248975785934,4508728.695209233,2811456.962766976,1217231.9845684902,43.29541588893882,42.26499946418369,-1344.8651997791603
28900,0.676374379852732,4526735.32841907,2824536.298559635,1215848.2118759453,43.04594040784549,42.0708723832507,-1383.7726925448515
29000,0.6756399540916816,4544756.4645392755,2837636.095568955,1214429.8351737836,42.79723665307713,41.8768908680615,-1418.3767021617386
29100,0.6748214844495742,4562791.364422051,2850755.3109791903,1212978.618071994,42.54937677044456,41.68311402309258,-1451.2171017895453
29200,0.6738840090134824,4580841.741360894,2863896.3619651445,1211490.472644548,42.302175760761436,41.48939974810096,-1488.145427446114
29300,0.6729240039069021,4598909.28083529,2877061.626460624,1209961.3773297926,42.05545568442666,41.29561014777449,-1529.0953147553373
29400,0.6719321336203189,4616993.094120002,2890249.85062077,1208393.4526301539,41.809307675272926,41.1018181166719,-1567.9246996387374
29500,0.6711557874804869,4635092.809971168,2903460.510681669,1206787.5843351607,41.56376778314899,40.90805370627663,-1605.8682949931826
29600,0.6701115464111854,4653208.27471426,2916693.3898338885,1205144.1391129282,41.31884905398176,40.71432902408541,-1643.4452222324908
29700,0.6691753634206055,4671342.132031184,2929952.217876952,1203456.8091264984,41.07428106791875,40.520431283720484,-1687.3299864297733
29800,0.6684010188868663,4689491.3994826265,2943232.7870804546,1201732.7104895352,40.83036570415472,40.326601023138764,-1724.0986369631719
29900,0.6676039584548885,4707654.293647718,2956532.581331431,1199976.0984522845,40.58727801713901,40.1329798813473,-1756.6120372507721
30000,0.6667005358777778,4725832.602156944,2969854.1226819176,1198182.707720341,40.3448337266588,39.93942359067803,-1793.3907319435384
